ID,Description,GeneRatio,BgRatio,pvalue,p.adjust,qvalue,geneID,Count
hsa04010,MAPK signaling pathway,134/2373,294/8227,4.2446659751512047e-10,1.4856330913029216e-7,1.009783695141234e-7,777/7422/7132/1946/3479/55799/56034/8817/5495/10000/55970/4893/9448/4775/3556/10368/773/9064/2353/5602/998/208/2885/5155/7042/6788/5908/5906/22800/4214/5159/80824/775/4615/1844/5154/5601/5530/5921/5534/2002/9693/5922/2264/57551/5599/783/5058/5923/409/10746/1945/7786/1944/3845/6196/9175/4763/6789/4217/2066/6722/5566/1850/2065/836/10454/1846/4915/115727/782/5578/1147/774/51701/4296/5609/2263/2246/6197/2316/6300/6195/5924/1432/2122/784/5579/8649/8681/100137049/5894/408/3654/5598/2872/284/1845/3481/2250/7039/2254/3925/6885/4772/9344/5156/22808/3480/2005/776/2317/285/1399/5321/4215/7048/2321/80310/1942/785/1436/5970/2252/6654/8822/9020/5879/8491/23118/4208/627/3304/994,134
hsa04014,Ras signaling pathway,111/2373,236/8227,1.523355542196621e-9,2.665872198844087e-7,1.8119913291391388e-7,7422/1946/3479/56034/8817/10000/55970/4893/5295/808/5602/2549/998/57144/208/54331/2885/5155/2782/5908/5906/22800/7074/5898/5291/5159/59345/5154/5781/3363/5601/91860/81579/5899/5921/2002/5293/5869/5922/2264/2790/8036/5599/25/5058/5923/5296/9846/6464/1945/1944/8315/3845/4763/2784/6789/5566/8831/2903/26279/4301/598/5900/4915/115727/5578/1147/399694/387/9771/2785/2263/2246/5924/2113/5579/27/8681/100137049/5894/284/3481/2250/7039/5319/2254/5290/10928/51365/10681/801/5156/22808/3480/285/51196/382/5321/9610/23179/2321/80310/1942/5878/1436/5970/2252/6654/8822/5879/627,111
hsa05200,Pathways in cancer,213/2373,531/8227,5.55368338544092e-9,6.479297283014407e-7,4.4039734916128007e-7,1282/6775/7422/1287/2941/3479/1286/3908/4040/9618/5728/8817/894/1021/2932/3915/10000/862/55970/4893/1284/5295/808/1285/7187/23401/841/367/27436/890/8202/578/329/3458/1288/4089/5915/2353/3688/5602/7855/23462/998/6199/208/2033/54331/840/5467/2885/5155/2782/7042/4193/8322/405/1909/2776/5898/5291/5159/6198/4853/818/3655/8031/2475/23493/59345/1495/2771/5154/27113/1910/11211/5979/624/3559/1017/5601/91860/3913/2944/6688/9134/5899/10342/1019/5733/2002/2948/5293/817/2264/2790/1441/7976/8453/54567/5599/8900/6258/3594/25/861/3714/3455/6502/1643/10587/5296/183/11040/10018/3845/83439/5292/4851/2784/6789/2736/3452/3716/23365/1026/5566/999/836/598/1728/3718/5900/115727/5578/23566/1147/1027/3575/387/4087/2785/2056/2263/2946/2246/3570/1871/2113/7296/6774/2122/5579/1870/1029/5727/3596/3918/5894/3685/2846/5330/4792/3481/2250/5743/7039/3444/2254/3091/5290/3449/2737/10928/7170/10681/54583/1438/801/3597/5156/6772/8648/5925/330/3480/4088/5366/3460/1399/8323/8324/2308/7849/613/7048/10161/1436/5970/2252/6921/6934/2778/6654/8030/8822/5879/317/51684/4286/6667/4824/2034/331,213
hsa04151,PI3K-Akt signaling pathway,148/2373,354/8227,6.78106434582386e-8,4.98567110914275e-6,3.388756904259434e-6,9470/1277/1280/1282/7422/1287/1278/1946/3479/1293/1286/3908/7531/6446/9586/5728/56034/8817/894/1021/1297/2932/3915/10000/55970/4893/4170/1284/5295/1285/2309/7058/1288/3688/6199/1292/208/2997/54331/2885/5155/2782/4193/5291/5159/6198/23239/23035/9223/3655/2475/4515/59345/5154/3559/22801/1017/3913/9134/1019/5293/2264/2790/1441/54541/3455/7534/1299/5296/1975/10018/5618/9863/1945/92579/1944/3845/8516/5563/5519/2784/3452/3716/2066/3667/1026/2065/63923/598/3718/4915/23678/5578/23566/1147/2690/1027/3575/2785/2056/2263/2246/3570/1978/23533/930/672/3693/3918/5894/3685/2846/5527/1385/284/3481/2250/7039/3444/2254/5290/3449/5516/10681/3696/5520/5156/5523/3480/285/2321/10971/80310/1942/10161/1436/5586/5970/2252/6654/8822/64764/5879/4602/3694/627/6009/7532,148
hsa04510,Focal adhesion,94/2373,203/8227,7.122387298775358e-8,4.98567110914275e-6,3.388756904259434e-6,1277/1280/1282/858/7422/1287/1278/3479/1293/1286/3908/5728/56034/894/1297/2932/3915/10000/1284/5295/1285/7058/329/1288/3688/5602/998/1292/57144/208/2885/5155/5908/5500/5906/5291/2534/5159/3655/2013/5154/22801/5601/3913/2002/5293/5599/4659/5058/1299/5923/5296/6464/87/8516/64098/7414/8395/10451/63923/23396/5578/399694/387/857/2316/5499/5829/5579/3693/3918/5894/3685/10398/4660/5290/3696/5156/4633/1729/330/3480/60/83660/2317/71/1399/2321/80310/10627/6654/5879/3694/331,94
hsa05212,Pancreatic cancer,44/2373,76/8227,1.0609682793205279e-7,6.1889816293697465e-6,4.206646160112971e-6,7422/1021/10000/5295/578/4089/5602/998/6199/208/7042/5898/5291/6198/2475/5601/5899/1019/5293/5599/1643/5296/3845/9459/3716/1026/598/5900/1147/4087/1871/6774/1870/1029/5894/7039/5290/10928/6772/5925/4088/7048/5970/5879,44
hsa04931,Insulin resistance,57/2373,108/8227,1.2885010031828524e-7,6.442505015914262e-6,4.378965815328191e-6,7132/9586/5728/2932/5565/10000/5295/5602/6199/208/2997/5500/6720/5291/6198/10891/2475/5509/5781/5601/133522/5293/9021/5599/9945/5524/5296/183/92579/8660/10724/6196/6517/5563/53632/3667/57761/5506/6197/5499/10999/6195/5770/5571/6774/5579/4792/1385/5290/5581/2673/2308/8473/11001/5970/64764/948,57
hsa01521,EGFR tyrosine kinase inhibitor resistance,45/2373,79/8227,1.4760310746849857e-7,6.457635951746812e-6,4.389250301036931e-6,9470/7422/3479/5728/56034/2932/10000/4893/5295/2309/2549/6199/208/2885/5155/5291/5159/6198/2475/5154/5293/5296/6464/10018/3845/4763/3716/2065/598/558/5578/399694/3084/2263/3570/1978/6774/5579/5894/7039/5290/5156/3480/80310/6654,45
hsa05214,Glioma,42/2373,75/8227,7.211733938136967e-7,2.8045631981643758e-5,1.9062594970981928e-5,3479/5728/1021/10000/4893/5295/808/578/208/2885/5155/4193/5291/5159/818/2475/5154/91860/1019/5293/817/1643/5296/6464/3845/1026/5578/399694/1871/8536/5579/1870/1029/5894/7039/5290/57118/801/5156/5925/3480/6654,42
hsa05222,Small cell lung cancer,48/2373,92/8227,1.940222252122047e-6,6.790777882427165e-5,4.6156866208377124e-5,1282/1287/1286/3908/9618/5728/1021/3915/10000/1284/5295/1285/7187/578/329/1288/5915/3688/208/5291/3655/1017/3913/9134/1019/5293/6258/6502/1643/5296/1026/836/598/1147/1027/1871/1870/3918/3685/4792/5743/5290/2272/5925/330/5970/317/331,48
hsa05205,Proteoglycans in cancer,90/2373,205/8227,2.4102804917885776e-6,7.551885205875017e-5,5.133010696324071e-5,1277/858/7422/1278/3479/1839/10000/4893/5295/3688/2549/7855/998/6199/208/288/2885/7042/4193/5500/8322/3339/22800/7074/286/5291/6198/818/2475/287/5781/11211/2002/5293/817/7976/4659/4478/29102/5058/5296/1975/8826/3845/7078/2066/23365/1026/5566/10451/2065/836/5578/5962/1634/387/4087/857/2316/6300/5499/5829/1432/6774/967/60495/5579/3059/3693/5727/5894/3685/4660/3481/3091/5290/5329/10818/22808/3480/60/2317/71/27250/51196/8323/8324/6654/5879/2017,90
hsa04218,Cellular senescence,72/2373,156/8227,2.7860853762803643e-6,7.551885205875017e-5,5.133010696324071e-5,677/286826/5728/894/1021/204851/4605/10000/4893/5295/808/4775/2309/291/23411/890/208/7042/4193/5500/22800/5291/2475/1017/91860/5530/9134/1019/5534/5293/147746/5481/4773/8900/54822/28996/5296/10758/3845/993/144715/1026/83447/10114/5054/4087/1978/6300/5499/1871/1432/2113/1870/1029/5894/5290/678/4772/983/11200/3486/801/22808/5933/5925/4088/776/90550/2308/7048/5970/6009,72
hsa05231,Choline metabolism in cancer,50/2373,98/8227,2.8049859336107204e-6,7.551885205875017e-5,5.133010696324071e-5,160851/56034/8527/10434/10000/4893/5295/9468/2353/5602/6199/208/2885/5155/8526/56261/8936/5291/5159/6198/2475/5154/5601/5293/5599/5296/8525/3845/8395/6584/5900/23396/5578/1608/1978/5579/8681/100137049/5894/3091/5290/10810/1119/5156/5321/80310/6654/5879/6667/6009,50
hsa04530,Tight junction,76/2373,169/8227,4.977343569286023e-6,1.2443358923215059e-4,8.457741704200312e-5,8531/9076/5565/1740/154796/3688/5602/998/4771/4637/50848/153562/54566/5906/7074/4214/56288/9223/5601/1019/9693/51421/5599/4734/4478/653857/861/23327/5584/87/57826/5563/5519/4629/4217/53632/5566/154810/4301/3996/4627/58494/5962/7082/57530/387/5609/51762/93643/5571/5872/3059/3993/10398/9181/51735/91862/1741/5581/5516/10207/5520/53842/4633/60/776/71/64398/912/150084/10096/10627/5879/10094/2017/9073,76
hsa04933,AGE-RAGE signaling pathway in diabetic complications,50/2373,100/8227,5.92337226586218e-6,1.382120195367842e-4,9.394260576034053e-5,1281/1277/1282/7422/1287/1278/1286/10000/4893/1284/5295/1285/1288/4089/5602/998/208/7042/5291/5601/1019/5293/5599/5296/183/3845/5292/5054/836/3383/5578/1027/4087/6300/1432/6774/5579/5330/5290/4772/5581/6772/1729/4088/51196/2308/7048/5970/2152/5879,50
hsa04722,Neurotrophin signaling pathway,57/2373,119/8227,7.463310564702912e-6,1.632599186028762e-4,1.1096764392255647e-4,7531/2932/10000/4893/5295/808/2309/5602/2549/998/208/2885/5908/5906/4214/5291/818/5781/5601/91860/5293/817/5599/25/10019/4916/5296/6464/3845/6196/4217/3667/11213/4915/399694/387/5609/6197/6300/6195/7161/1432/5894/3654/5598/4792/6272/5290/10818/801/5663/1399/4215/5970/6654/5879/627,57
hsa04520,Adherens junction,38/2373,71/8227,1.0348396979850481e-5,2.0273055600652674e-4,1.3779580648864677e-4,4089/998/2033/5795/56288/8936/2534/1500/1495/6615/5787/25945/87/8826/83439/117178/7414/4301/999/5818/7082/51701/387/1457/5770/5819/6885/10810/4008/3480/60/4088/71/7525/7048/6934/5879/2241,38
hsa05220,Chronic myeloid leukemia,40/2373,76/8227,1.0426142880335662e-5,2.0273055600652674e-4,1.3779580648864677e-4,1021/10000/4893/5295/578/4089/208/2885/7042/4193/5291/5781/1019/5293/25/861/1643/5296/9846/6464/3845/1026/598/1147/1027/399694/1871/2122/1870/1029/5894/4792/5290/5925/4088/1399/613/7048/5970/6654,40
hsa05161,Hepatitis B,72/2373,162/8227,1.4480623507070956e-5,2.6674832776183344e-4,1.8130863781706572e-4,6775/1654/9586/10000/4893/5295/4775/7187/841/890/4089/2353/5602/208/2033/2885/7042/7297/3339/4214/5291/4615/1017/5601/9134/2002/5293/4773/5599/8900/7534/1643/5296/148022/3845/3452/3716/1026/843/836/10454/3718/5578/1147/5609/6300/1871/1432/6774/114609/5579/1870/57506/5894/3654/4792/1385/3444/5290/3449/6885/4772/6772/5925/4088/7048/10971/5970/6654/64764/317/23118,72
hsa04015,Rap1 signaling pathway,89/2373,210/8227,1.5292446890251155e-5,2.6761782057939523e-4,1.818996314314085e-4,7422/1946/3479/56034/8817/10000/4893/3397/5295/808/1268/3688/998/208/5155/5908/5906/7074/2776/56288/5898/5291/5159/64411/9223/1500/2771/5154/91860/5217/5899/5293/9693/11069/2264/5296/9863/5584/1945/1944/2775/3845/23094/260425/10451/2903/4301/999/5900/5578/23566/387/9771/2263/2246/6300/26037/1432/5579/5894/2846/5330/284/2250/2254/5290/51735/801/5156/25865/22808/3480/60/83660/71/285/51196/1399/23683/2321/80310/1942/1436/2252/2778/8822/5879/889/5587,89
hsa04012,ErbB signaling pathway,43/2373,85/8227,1.8098663363321036e-5,3.0164438938868395e-4,2.050274646671957e-4,1839/2932/10000/4893/10718/5295/5602/2549/6199/57144/208/2885/5291/6198/818/2475/5601/2002/5293/817/5599/25/5058/5296/6464/8440/3845/2066/1026/2065/5578/1027/399694/3084/5609/1978/5579/27/5894/7039/5290/1399/6654,43
hsa04068,FoxO signaling pathway,60/2373,131/8227,2.464268749071113e-5,3.920427555340407e-4,2.664711661674984e-4,3479/6446/5728/894/5565/10000/4893/5295/2309/23411/4089/5602/208/2033/2885/7042/4193/5291/1017/5601/9140/5293/80854/847/5599/6502/5296/10018/92579/8660/114907/3845/10365/6517/5563/6789/53632/3667/1026/23678/1147/1027/3575/51701/6300/5571/3586/1432/6774/5894/5290/23710/3480/4088/11345/2308/9455/7048/1901/6654,60
hsa05215,Prostate cancer,47/2373,97/8227,3.189053790144215e-5,4.852907941523806e-4,3.298517879050767e-4,3479/9586/5728/56034/2932/10000/4893/5295/367/208/2033/2885/5155/4193/5291/5159/2475/6692/5154/1017/9134/5293/2078/5296/3845/83439/1026/1147/1027/2263/1871/1870/5894/4792/1385/7039/5290/5156/5925/3480/2308/80310/5970/6934/6654/64764/4824,47
hsa05218,Melanoma,37/2373,72/8227,4.419254279180743e-5,6.444745823805251e-4,4.380488890766877e-4,3479/5728/56034/8817/1021/10000/4893/5295/578/208/5155/4193/5291/5159/5154/1019/5293/1643/5296/3845/1026/999/2246/1871/1870/1029/5894/2250/2254/5290/5156/5925/3480/80310/2252/8822/4286,37
hsa04380,Osteoclast differentiation,58/2373,128/8227,4.9083966460921184e-5,6.871755304528966e-4,4.670726913755027e-4,7132/10000/8600/5295/3458/2353/5602/799/208/2885/7042/7297/5291/2534/23547/5601/5530/6688/8651/5534/5293/55423/9021/4773/10379/5599/3455/5296/2355/9846/3726/10326/3716/2212/10454/1147/5609/6300/11027/1432/79168/4792/1385/5290/6885/4772/6772/140885/3460/4982/7048/1436/5970/9020/5879/23118/4286/11024,58
hsa04917,Prolactin signaling pathway,36/2373,70/8227,5.467624567764155e-5,7.114824599322291e-4,4.8359409306671813e-4,894/2932/10000/4893/8600/5295/2309/9655/2353/5602/208/2885/5291/5601/8651/5293/9021/5599/5296/6464/5618/3845/9306/399694/6300/122809/1432/6774/5894/5290/6772/2001/2592/5970/6654/8835,36
hsa04660,T cell receptor signaling pathway,49/2373,104/8227,5.4885789766200524e-5,7.114824599322291e-4,4.8359409306671813e-4,29851/2932/10000/4893/5295/4775/3458/2353/5602/998/57144/208/2885/9402/5291/2534/959/5601/5530/1019/5534/5293/4773/5599/5058/5296/8915/8440/3845/10451/940/84433/1147/1493/387/5609/6300/3586/1432/5894/4792/5290/6885/4772/915/5970/6654/9020/3702,49
hsa04926,Relaxin signaling pathway,58/2373,129/8227,6.446643433508996e-5,8.058304291886245e-4,5.477223368319674e-4,1281/1277/1282/7422/1287/1278/1286/9586/10000/55970/4893/1284/5295/1285/1288/2353/5602/208/54331/2885/10022/2782/5291/59345/2771/1910/5601/5293/2790/5599/5296/6464/409/2775/3845/2784/5566/4842/5578/399694/339403/4087/2785/5609/6300/1432/5894/408/5330/4792/1385/5290/10681/7048/5970/2778/6654/64764,58
hsa04728,Dopaminergic synapse,59/2373,132/8227,6.881099217219912e-5,8.304774917334376e-4,5.644749267120509e-4,9586/2932/10000/55970/808/773/2353/5602/208/54331/2782/2893/5500/2776/3798/1812/818/775/59345/2771/5601/91860/5530/6323/817/2790/2891/5599/409/2775/220074/5519/2784/3760/5566/2903/5578/774/2785/6300/5499/1815/1432/5579/408/5330/5527/1385/5516/10681/801/5520/5523/776/1644/2890/2778/64764/406,59
hsa05235,PD-L1 expression and PD-1 checkpoint pathway in cancer,43/2373,89/8227,7.441109988128466e-5,8.628001258522548e-4,5.864445968198784e-4,5728/10000/4893/5295/4775/27436/3458/2353/6199/208/5291/6198/2475/4615/5781/5530/5534/5293/4773/5296/148022/3845/3716/940/1147/6300/1457/1432/6774/114609/54106/5894/116071/4792/3091/5290/4772/915/6772/3460/4215/5970/29126,43
hsa04930,Type II diabetes mellitus,26/2373,46/8227,7.641943971834256e-5,8.628001258522548e-4,5.864445968198784e-4,777/5295/773/5602/5291/775/2475/5601/8651/5293/9021/5599/5296/8660/6517/3767/9370/3667/774/122809/3099/5290/5581/3651/776/8835,26
hsa05165,Human papillomavirus infection,127/2373,331/8227,8.822398140276325e-5,9.649497965927231e-4,6.558756512179111e-4,1277/1280/1282/127124/7422/1287/1278/7132/1293/1286/3908/9586/5728/894/1021/1297/2932/3915/10000/4893/1284/5295/1285/7187/841/7058/890/578/1740/1288/3688/7855/23462/998/6199/1292/208/2033/2885/7297/4193/8322/56288/5291/5159/6198/4853/9223/3655/523/2475/23493/11211/22801/1017/3913/9134/9794/1019/5293/1452/7976/10379/8900/3455/1299/245972/5296/5584/148022/3845/8516/83439/534/5519/4851/3452/528/9519/3716/1026/5566/63923/836/3996/526/1147/1027/3955/1978/5829/50617/3993/3693/3918/5894/3685/5527/1385/5743/3444/5290/3449/1741/5516/3696/10207/54626/5520/5523/6772/5663/5933/5925/533/64398/8323/8324/3516/2308/5970/6934/2778/6654/64764/3694/6009,127
hsa04974,Protein digestion and absorption,48/2373,103/8227,9.17145847884839e-5,9.727304447263443e-4,6.611641519042221e-4,1281/1277/2006/1280/1282/50509/1294/1301/1306/1290/1289/1287/1278/1295/23439/1293/1286/1297/1284/169044/81578/1285/1310/84570/1307/1288/1292/85301/481/206358/1803/1305/1302/5222/643847/643834/1299/54407/285641/477/153201/120103/23428/1359/91522/486/255631/1361,48
hsa04360,Axon guidance,76/2373,182/8227,1.127396455716413e-4,0.00116055517500219,7.888284798511125e-4,6091/56896/1946/2932/4893/5295/4775/5361/23380/3688/2047/998/57144/2049/1073/56288/5291/2534/818/10154/7222/2771/1808/5781/59277/5530/5921/10371/5534/5293/817/7976/4773/9423/80031/25/8633/5058/5296/1945/1944/8440/10501/3845/85464/658/5362/9901/7223/23365/1949/57715/3985/219699/5578/10507/387/10505/54910/10509/5727/5894/10398/5290/9037/2043/3984/57522/57556/1942/10627/91653/10500/5879/25791/22885,76
hsa04910,Insulin signaling pathway,60/2373,137/8227,1.2176481279611138e-4,0.0012176481279611137,8.276345170502608e-4,9470/2932/5565/10000/4893/5295/808/5602/6199/208/2997/2885/5500/6720/5291/6198/10891/2475/5509/5601/91860/8651/2002/5293/9021/5599/5296/6464/5584/92579/8660/3845/6517/5563/53632/3667/5566/5506/399694/5255/1978/5499/5770/5571/122809/2319/5894/3099/2872/5290/801/10211/1399/2308/5577/6654/8835/6009/5575/5573,60
hsa05225,Hepatocellular carcinoma,70/2373,168/8227,2.2384560859167466e-4,0.002176276750196837,0.0014792136708104817,2941/4040/5728/1021/2932/10000/4893/5295/23401/578/4089/6595/2549/8193/7855/6199/208/2885/7042/6599/8322/5291/6198/2475/11211/2944/196528/1019/2002/2948/5293/6603/1452/7976/1643/10587/5296/6464/3845/8289/83439/6601/1026/55193/598/1728/5578/399694/4087/2946/1871/7296/5579/1870/1029/5894/3481/7039/5290/5925/3480/60/4088/71/8323/8324/7048/6597/6934/6654,70
hsa05211,Renal cell carcinoma,34/2373,69/8227,2.562794998389092e-4,0.0024242655390167085,0.0016477714641136125,7422/10000/4893/5295/2549/998/57144/208/2033/2885/5155/7042/5908/5906/405/5291/5781/5293/8453/5058/5296/3845/1026/2113/5894/7039/3091/5290/54583/1399/6921/6654/5879/2034,34
hsa04630,JAK-STAT signaling pathway,69/2373,166/8227,2.692529904061031e-4,0.0024799617537404235,0.0016856281393844684,6775/894/10000/4170/5295/9655/3976/3458/50616/208/2033/2885/5155/11009/7297/3952/5291/5159/2475/5154/5781/23529/51588/3559/8651/5293/9021/1441/10379/5771/3594/3455/5296/5618/2670/5292/9306/3452/3716/1026/163702/598/3718/2690/3575/386653/2056/3570/58985/3586/122809/6774/3596/5894/50615/3444/5290/3449/3977/1438/3597/5156/6772/3460/7066/6654/8835/2273/9063,69
hsa04152,AMPK signaling pathway,53/2373,121/8227,2.9510011201501767e-4,0.0026165824581048463,0.0017784891294186326,3479/9586/5565/10000/5295/2309/23411/890/6199/208/2997/3156/10645/3952/6720/5291/6198/10891/2475/51552/5293/8900/5296/5862/92579/8660/6517/5563/5519/9230/9370/53632/3667/92335/10890/23216/1978/5571/5527/1385/5290/6885/5516/5520/5523/3172/3480/2308/51719/64764/6009/948/79966,53
hsa04215,Apoptosis - multiple species,19/2373,32/8227,2.990379952119824e-4,0.0026165824581048463,0.0017784891294186326,7132/841/578/329/5602/840/56616/27113/5601/5599/8678/10018/836/598/666/330/5366/317/331,19
hsa05210,Colorectal cancer,40/2373,86/8227,3.6127107738018617e-4,0.003084021392269882,0.0020962070215127617,2932/10000/4893/5295/578/4089/2353/5602/6199/208/2885/7042/5898/5291/6198/2475/27113/5601/5899/5293/5599/1643/5296/10018/3845/83439/1026/836/5900/387/4087/5894/7039/5290/4088/5366/7048/6934/6654/5879,40
hsa04072,Phospholipase D signaling pathway,62/2373,148/8227,4.208198765063977e-4,0.003506832304219981,0.0023835912804623027,160851/56034/8527/10000/4893/56895/5295/2549/208/2885/5155/8526/22800/5898/5291/2534/5159/2915/2914/2475/5154/5781/26052/5899/5293/11069/2913/5296/183/9846/6464/8525/3845/10554/8395/5900/23396/5578/23566/399694/1608/387/9267/23533/56894/8681/100137049/5894/2846/5330/5290/5156/22808/382/5321/5737/80310/10161/2778/6654/2918/6009,62
hsa04144,Endocytosis,97/2373,251/8227,4.3730065023303387e-4,0.0035374245543643027,0.0024043848098837064,381/858/2348/55048/8853/998/8723/10564/30846/138429/51100/51510/4193/116988/56904/2060/56288/10193/84313/11311/26056/3798/64411/51028/26052/3559/8411/112936/440073/829/5869/2264/57403/160/4734/653857/25978/7456/58513/26119/23327/378/409/5584/23527/2869/60682/8766/50807/8395/9230/11059/7879/11021/23111/10890/2868/23362/10617/23396/84249/80223/9525/387/28964/4087/116983/9798/857/2263/9267/254122/9146/57154/128866/79720/408/147179/55616/8724/23325/163/5156/3480/1601/4088/9372/832/382/10096/7048/7037/5878/22841/55680/10094/3304,97
hsa04921,Oxytocin signaling pathway,64/2373,154/8227,4.4470480112008377e-4,0.0035374245543643027,0.0024043848098837064,4882/55799/5565/4893/808/4775/10368/2353/4637/10645/5500/2776/5021/818/775/6262/2771/91860/5530/5534/2002/817/4773/4659/783/2775/3845/5563/3768/3760/53632/1026/5566/782/5578/4878/387/23533/5499/5571/784/8536/5579/8681/100137049/5894/10398/5330/5598/4660/5743/3759/57118/6263/4772/801/60/776/71/5321/785/2778/1827/4208,64
hsa04140,Autophagy - animal,59/2373,141/8227,5.940173677242906e-4,0.004620135082300038,0.0031403023416535602,5728/10000/4893/5295/79065/5602/440275/6199/9110/208/55255/58476/51100/203228/10645/22800/5291/6198/2475/1965/5601/9140/9474/5293/5599/8678/54541/5296/8660/3845/5563/10010/55102/3667/7879/29982/5566/598/1508/10533/53349/118471/5894/9711/8897/3091/5290/9451/23710/6885/5516/22808/3480/11345/9342/5861/10325/9706/6009,59
hsa05167,Kaposi sarcoma-associated herpesvirus infection,77/2373,194/8227,6.672389288185273e-4,0.005076817936662707,0.0034507093343932997,7422/7132/1021/2932/10000/55970/4893/5295/808/4775/7187/841/578/2353/5602/208/2033/54331/5155/2782/7297/5291/2475/59345/7538/5601/91860/5530/1019/5534/5293/2790/4773/10379/5599/8678/3455/5296/148022/3845/83439/2784/3452/3716/1026/4277/836/100507436/3383/1147/2785/5609/6300/23533/1871/1432/6774/1870/5894/4792/1385/5743/3444/3091/5290/3449/4772/10681/801/6772/5925/285/7311/5970/6934/1827/5879,77
hsa05223,Non-small cell lung cancer,34/2373,72/8227,6.940563779559981e-4,0.005168504942225517,0.003513028923136743,1021/10000/4893/5295/2309/27436/578/5915/208/2885/5291/3798/5979/1019/5293/6258/1643/5296/3845/6789/1026/3718/5578/1871/6774/5579/1870/1029/5894/7039/5290/2272/5925/6654,34
hsa05162,Measles,58/2373,139/8227,7.158770667811642e-4,0.005219936945279322,0.0035479872169417353,894/1021/2932/7128/10000/5295/7187/841/578/2353/5602/440275/208/7297/5291/4615/1965/27113/3559/1017/5601/9134/1019/5293/10379/5599/4478/3455/5296/3452/3716/940/836/598/25898/3718/1147/1027/1457/7161/6774/54106/57506/3654/4792/3444/5290/3449/9451/6885/915/6772/6504/5970/317/23118/30835/3304,58
hsa04550,Signaling pathways regulating pluripotency of stem cells,59/2373,143/8227,9.057356525411621e-4,0.006469540375294016,0.004397341728771271,3479/92/2932/10000/4893/3397/10336/9869/5295/3670/5978/463/3976/4089/9314/7855/3720/208/2885/3175/8322/7994/5291/11211/3399/3198/5293/90/2264/7976/84333/5296/3845/658/10637/3716/6498/3718/4762/648/4087/2263/6300/84108/1432/6774/5894/5290/3977/3480/4088/4090/8323/91/8324/7547/55183/4211/130399,59
hsa01522,Endocrine resistance,43/2373,98/8227,0.0010154559008605424,0.007108191306023796,0.0048314322861996335,3479/1839/10000/4893/5295/8202/2353/5602/6199/208/2885/4193/5291/6198/4853/10498/2475/5601/1019/5293/54567/5599/3714/5296/6464/3845/4851/1026/5566/1027/399694/6300/1871/1432/1870/1029/5894/5290/5925/3480/2778/6654/6667,43
hsa04625,C-type lectin receptor signaling pathway,45/2373,104/8227,0.0011192790045805657,0.007681326502023489,0.005220991847991906,64581/10000/4893/5295/808/4775/841/5602/208/4193/22800/5291/5781/338339/5601/91860/5530/5534/5293/4773/10379/5599/5058/6367/5296/8915/3845/602/23365/1147/387/6300/3586/1432/5894/4792/5743/5290/4772/801/22808/6772/5970/9020/30835,45
hsa04150,mTOR signaling pathway,63/2373,156/8227,0.0011900549848441442,0.00800998547491251,0.005444381104752563,9470/127124/7132/3479/4040/6446/5728/51256/2932/10000/4893/5295/7855/6199/208/2885/55004/8322/5291/6198/523/2475/11211/96459/5293/7976/389541/54541/6502/5296/1975/57600/3845/6196/534/5563/528/3667/2887/92335/81929/526/5578/1147/153129/387/6197/1978/6195/5579/8649/5894/5290/253260/3480/8323/8324/10542/51719/6654/10325/9706/6009,63
hsa04120,Ubiquitin mediated proteolysis,58/2373,142/8227,0.0013305844669189999,0.008786878555125471,0.005972434747243178,55294/9886/7328/329/3093/9039/54926/55585/10277/4193/4214/4591/9246/9354/51465/7321/51588/26232/8651/7329/9021/8453/140739/4734/9690/6502/1643/23327/119504/8924/7323/11059/7322/8916/7326/23759/25898/9320/84447/57154/672/25906/5071/10477/7324/326/27339/330/55284/7311/996/22954/6921/26091/55070/89910/9063/331,58
hsa04137,Mitophagy - animal,33/2373,72/8227,0.0015649592312565318,0.009992267391475927,0.006791736633003187,7942/4893/2309/79065/5602/8887/22800/5601/9474/665/5599/8678/3845/9958/64786/7879/598/192111/1457/23786/10241/5071/89941/3091/10370/9451/23710/22808/11345/7311/5970/4286/6667,33
hsa05169,Epstein-Barr virus infection,78/2373,202/8227,0.0015702134472319316,0.009992267391475927,0.006791736633003187,894/1021/7128/10000/5295/7187/841/890/578/5602/208/7297/4193/5713/5291/79685/9612/4615/1017/5601/9134/1019/5293/11047/953/10379/5599/8900/4734/3455/6502/1643/5296/10018/8819/7431/3452/3716/1026/5701/956/836/10454/3383/6892/3718/1147/1027/6891/5719/5609/6300/930/1871/1432/6774/2923/1870/57506/3654/4792/3444/5290/3449/9541/6885/3111/3123/915/6772/5925/3516/5970/9020/5879/317/23118/5706,78
hsa05221,Acute myeloid leukemia,31/2373,67/8227,0.0017786995795164662,0.011116872371977914,0.007556129792682734,10000/862/4893/5295/890/6199/208/5467/2885/5291/6198/2475/6688/5293/8900/861/5296/11040/3845/83439/8864/5292/1147/1978/6774/5894/5290/1436/5970/6934/6654,31
hsa05163,Human cytomegalovirus infection,85/2373,225/8227,0.00210772890912119,0.012942195056007307,0.00879680024859444,7422/7132/9586/1021/2932/10000/55970/4893/5295/808/4775/841/578/6199/11214/208/54331/2885/2782/4193/6376/2776/5291/6198/2475/59345/2771/91860/5530/1019/5534/5733/2002/5293/2790/4773/5296/2775/3845/2784/3452/3716/23365/1026/5566/836/6892/5578/1147/6891/387/2785/3570/1978/6300/1871/5829/1432/6774/2923/5579/1870/1029/5894/3685/5330/4792/1385/5743/3444/5290/3449/4772/10681/801/5156/5925/1399/5970/2778/6654/64764/5879/6667/6009,85
hsa05135,Yersinia infection,55/2373,137/8227,0.0027577743190230378,0.016641741580311436,0.011311379239550027,2932/10000/5295/4775/2353/3688/5602/998/208/2776/5291/4615/5601/5293/4773/5599/653857/4210/7456/5296/148022/6196/8395/23365/10451/2212/10454/23396/1147/387/5609/6197/6300/6195/5829/3586/1432/3654/4792/147179/5290/6885/4772/3606/3984/60/71/382/1399/10096/5586/5970/5879/10094/23118,55
hsa04668,TNF signaling pathway,47/2373,114/8227,0.0029281053426732386,0.01737011643958701,0.011806455083749367,7132/9586/7128/10000/5295/7187/841/3976/329/2353/5602/208/840/6376/5291/5601/5293/9021/5599/5296/3726/602/4217/257397/843/836/10454/3383/192111/1147/5609/6300/1432/9530/7133/4792/1385/5743/5290/6885/330/1051/5970/9020/64764/23118/331,47
hsa04935,"Growth hormone synthesis, secretion and action",49/2373,120/8227,0.0030514478511659586,0.01767244686485112,0.012011948846485272,3479/9586/2932/10000/4893/5295/2353/5602/208/2033/2885/4214/2776/5291/775/2475/2771/5601/8651/5293/9021/5599/5296/6464/8660/3726/3845/3667/5566/5578/2690/399694/6300/1432/6774/5579/5894/5330/1385/5290/112609/3486/6772/776/1399/2778/6654/64764/8835,49
hsa04666,Fc gamma R-mediated phagocytosis,41/2373,97/8227,0.0030800550250169095,0.01767244686485112,0.012011948846485272,10000/5295/8853/998/6199/208/1073/8936/5291/6198/5293/65108/653857/5058/5296/9846/50807/8395/10451/2212/3985/23396/5578/5579/8681/100137049/5894/5290/55616/5581/10810/3984/382/1399/5321/4082/10096/4651/3635/5879/10094,41
hsa04920,Adipocytokine signaling pathway,31/2373,69/8227,0.0031459560876928587,0.01772492407505918,0.012047617566807141,7132/5565/10000/2180/5602/208/10645/3952/10891/2475/5781/5601/9021/5599/6258/92579/8660/6517/5563/9370/53632/3667/1147/5571/6774/23305/7133/4792/2182/5970/948,31
hsa00650,Butanoate metabolism,15/2373,27/8227,0.0032291099102319805,0.01772492407505918,0.012047617566807141,3158/622/54511/3157/5019/6296/35/1962/123876/348158/116285/79944/142827/54988/18,15
hsa04024,cAMP signaling pathway,84/2373,225/8227,0.003273795671334372,0.01772492407505918,0.012047617566807141,23439/491/9586/10000/5295/808/493/2353/5602/208/488/2033/7432/5908/481/2893/5500/5906/22800/7074/490/1909/5291/5021/64411/1812/818/775/6262/2771/1395/5601/91860/5733/5293/817/11069/2891/5599/6662/4659/5144/5058/5296/1260/477/5566/10451/2903/4301/51/4878/170589/387/5499/338442/3360/8843/486/5727/5894/10398/10021/4792/1385/5290/2737/7253/4772/801/4158/153/3776/776/51196/116/8310/2890/5970/2778/64764/5879/627/5350,84
hsa00640,Propanoate metabolism,17/2373,32/8227,0.0032917716139395617,0.01772492407505918,0.012047617566807141,4329/79611/1629/8801/594/51/3948/593/1738/35/1962/55862/8310/4594/5095/55902/18,17
hsa05224,Breast cancer,58/2373,147/8227,0.003407661627085446,0.018070932870907667,0.01228279948518837,3479/4040/5728/8817/1021/2932/10000/4893/8600/5295/23401/8202/578/2353/7855/23462/6199/208/2885/8322/5291/6198/4853/2475/23493/11211/1019/5293/1452/7976/54567/3714/1643/5296/6464/3845/83439/4851/1026/399694/2246/1871/672/1870/5894/2250/2254/5290/8648/5925/3480/8323/8324/2252/6934/6654/8822/6667,58
hsa04810,Regulation of actin cytoskeleton,85/2373,229/8227,0.003735659897708409,0.01951464125668572,0.013264086989506686,56034/8817/10000/55970/4893/5295/3688/998/57144/208/5155/5500/22800/7074/1073/8936/5291/5159/3655/5154/624/22801/5305/5217/5293/2264/4659/4478/653857/5058/5296/2245/8396/87/8826/3845/85464/8516/9459/7414/8395/4629/23365/28984/10451/3071/3985/23396/128239/4627/5962/3687/387/28964/2263/2246/5499/5829/3693/5894/3685/10398/2846/4660/2250/2254/5290/3696/3984/5156/22808/4633/1729/60/71/1399/10096/80310/10627/2252/6654/8822/5879/10094/3694,85
hsa01524,Platinum drug resistance,32/2373,73/8227,0.004342778184064242,0.022028584991630216,0.014972812655965197,2941/1317/10000/5980/5295/841/578/329/208/4193/538/5291/27113/2944/2067/2948/5293/5296/4217/1026/836/598/2946/672/1029/5290/5429/330/5366/317/1244/331,32
hsa04115,p53 signaling pathway,32/2373,73/8227,0.004342778184064242,0.022028584991630216,0.014972812655965197,3479/5728/894/1021/8493/841/4193/64065/27113/1017/9134/1019/1643/4194/6241/1026/5054/836/598/25898/7161/51246/575/1029/983/11200/3486/55367/50484/9540/5366/317,32
hsa04213,Longevity regulating pathway - multiple species,28/2373,62/8227,0.004461897176106325,0.022309485880531624,0.015163740778947814,3479/5565/10000/4893/5295/2309/23411/6199/208/5291/6198/2475/1979/9474/5293/847/5296/8660/3845/5563/53632/3667/5566/5571/5290/3480/2308/3304,28
hsa05132,Salmonella infection,91/2373,249/8227,0.004600861027196102,0.02268030083829064,0.015415783426928377,7132/3836/7280/6993/10000/841/11258/578/329/2353/5602/998/208/347733/840/55860/1780/9648/5898/51429/5291/3798/5287/4615/5601/10006/5217/388/112574/5293/5869/79443/5599/653857/5058/10121/57381/3839/83439/51164/25828/257397/7879/836/3071/10454/55207/1147/1639/387/64837/5609/9267/2316/6300/6990/1432/114609/54106/5894/3654/10398/51626/4792/4646/5290/4074/6885/10810/3606/4633/330/60/2317/71/382/6281/4671/64746/10096/10627/5878/5970/3840/6934/26263/5879/10094/23118/57617/51143,91
hsa05017,Spinocerebellar ataxia,56/2373,143/8227,0.0047795889880268535,0.023234113136241647,0.01579220922944545,6095/10000/5295/291/773/6310/5602/208/488/5713/5173/3748/146227/2776/5291/2475/7222/10105/5601/5293/4654/11047/23152/2891/342371/5599/8678/11273/5296/5690/9519/4217/55102/29982/5701/83447/2903/5578/5719/5715/5579/5330/5290/115209/3752/6311/5682/90550/3516/9698/2890/5695/9706/6667/4287/5706,56
hsa04713,Circadian entrainment,40/2373,97/8227,0.00574972886594304,0.02756719319287759,0.018737400485985975,55970/808/2353/8863/5592/54331/2782/2893/2776/818/775/6262/59345/2771/5187/91860/817/2790/2891/51655/2775/8864/5593/2784/3760/5566/2903/4842/5578/2785/5579/5330/1385/6263/10681/801/776/116/2890/2778,40
hsa04066,HIF-1 signaling pathway,44/2373,109/8227,0.006184559224475971,0.029218580227815056,0.01985984701198858,9470/7422/3479/10000/5295/3458/6199/208/2033/405/5291/6198/818/2475/5293/817/8453/5296/1026/5054/5578/3948/1027/4878/2056/3570/1978/6774/5579/3099/2872/284/2023/3091/5290/54583/387712/3480/285/3460/2321/7037/5970/6921,44
hsa05145,Toxoplasmosis,45/2373,112/8227,0.006269030638399709,0.029218580227815056,0.01985984701198858,7132/3908/3915/10000/841/329/3458/3688/5602/208/7042/7297/3655/959/4615/2771/10105/5601/3913/8651/5599/2775/3716/836/598/10454/1147/6300/23533/3586/1432/6774/3918/3654/4792/6885/3111/3123/6772/330/3460/5970/23118/3304/331,45
hsa04726,Serotonergic synapse,46/2373,115/8227,0.006344605992325555,0.029218580227815056,0.01985984701198858,2561/55970/4893/773/3751/54331/2782/1573/2776/200909/775/59345/2771/3363/2560/2790/2775/3845/2784/3760/5566/836/5578/774/2785/3359/3360/1559/1558/5579/8681/100137049/5894/5330/5743/3358/10681/3357/1557/3781/776/1644/5321/3356/2778/121278,46
hsa04390,Hippo signaling pathway,60/2373,157/8227,0.006675924116192465,0.029626850682078435,0.020137348132781133,7003/7531/894/2932/3397/122786/1740/329/4089/154796/23286/7855/4771/25937/7042/6788/5500/8322/56288/1495/27113/11211/7976/7534/5584/83439/658/5519/2736/5054/999/3996/26524/4087/286204/2246/5499/7161/79981/3993/1741/5516/10207/1490/5520/330/60/4088/71/64398/1742/8323/8324/7048/10971/92597/6934/392255/174/7532,60
hsa05160,Hepatitis C,60/2373,157/8227,0.006675924116192465,0.029626850682078435,0.020137348132781133,7132/9076/7531/1021/2932/10000/4893/5295/6041/7187/841/578/3458/440275/208/2885/7297/5291/91543/1965/1017/1019/5293/9021/10379/3455/7534/5296/148022/3845/5519/3452/3716/1026/836/10197/1147/949/1871/6774/1870/57506/5894/4792/3444/5290/3449/9451/5516/5520/53842/6772/5925/10971/3434/5970/6654/317/7532/9073,60
hsa04261,Adrenergic signaling in cardiomyocytes,59/2373,154/8227,0.006687203439669133,0.029626850682078435,0.020137348132781133,70/23439/491/55799/9586/7168/10000/808/10368/493/208/488/481/5500/490/2776/818/186/775/6262/2771/91860/817/11069/783/146/183/6330/5519/477/5566/7171/782/5578/6300/23533/5499/1432/784/6331/486/5330/5527/1385/1390/5516/7170/801/5520/5523/153/4633/3776/776/785/2778/64764/5350/6332,59
hsa05170,Human immunodeficiency virus 1 infection,78/2373,212/8227,0.006855288023819246,0.029991885104209203,0.020385461755041447,7132/10000/55970/4893/5295/808/4775/164/841/578/8905/2353/5602/6199/57144/208/54331/2782/1073/2776/5291/6198/2475/4615/59345/2771/5601/91860/5530/5534/5293/2790/4773/5599/5058/5296/2775/3845/85363/2784/3452/162/836/598/10454/6892/3985/5578/1147/6891/2785/5609/6300/5829/1432/2923/5579/5894/3654/7133/4792/3444/5290/3449/6885/4772/200315/10681/983/3984/801/915/1399/7465/5970/6921/5879/23118,78
hsa04071,Sphingolipid signaling pathway,47/2373,119/8227,0.007693512251472563,0.03324357145698021,0.022595630524142943,7132/166929/5728/10000/4893/5295/4363/5602/208/2776/5291/2534/2771/624/5601/5293/5599/5296/9846/3845/5519/4217/5578/253782/387/8879/6300/91012/1432/5579/5894/5330/5527/8560/5290/5581/5516/5520/5523/79603/9517/1901/6609/53637/5970/5879/81537,47
hsa05410,Hypertrophic cardiomyopathy,37/2373,90/8227,0.008170984495340889,0.034876153333772086,0.02370529519829321,70/3479/3908/55799/7168/5565/10368/3688/488/6443/7042/3655/1605/775/6262/22801/783/183/1756/8516/5563/53632/7171/7273/782/5571/784/3693/3685/7170/3696/4633/60/776/71/785/3694,37
hsa01250,Biosynthesis of nucleotide sugars,18/2373,37/8227,0.008382109516061892,0.03534624494724894,0.024024816114521085,140838/23483/2821/7358/91373/5238/2582/9945/55586/5236/4351/64841/7264/5373/3099/2673/80146/2592,18
hsa04141,Protein processing in endoplasmic reticulum,64/2373,171/8227,0.008867665209930207,0.03668113366574711,0.024932138972808562,10484/578/51726/5602/440275/10277/55968/1965/51465/7321/5601/26232/10802/80267/5599/79139/5887/23640/10299/7991/81567/11253/10905/55432/7323/201595/6400/4217/51360/6747/7322/22926/51128/55176/7326/56605/11231/91445/84447/5609/23193/6746/2923/5071/9695/8720/25956/7841/55666/6748/9451/133022/6745/10952/10956/5886/51009/23190/29979/3337/3309/23471/3304/4287,64
hsa04659,Th17 cell differentiation,43/2373,108/8227,0.008932983029255718,0.03668113366574711,0.024932138972808562,6095/4775/3556/3458/50616/4089/2353/5602/196/7297/30009/2475/3559/5601/5530/5534/4773/5599/6258/3594/861/3662/3716/3718/1147/4087/3570/6300/1432/6774/50943/50615/4792/3091/4772/3111/3123/915/6772/4088/3460/7048/5970,43
hsa00280,"Valine, leucine and isoleucine degradation",22/2373,48/8227,0.00901307855786929,0.03668113366574711,0.024932138972808562,586/4329/1629/3158/54511/3157/219/217/36/5019/594/587/593/1738/35/1962/3712/64087/27034/4594/5095/18,22
hsa00450,Selenocompound metabolism,10/2373,17/8227,0.009381024203678454,0.03773975254353401,0.025651681428086277,51091/10587/118672/4548/11185/7296/51540/9060/56267/22929,10
hsa04512,ECM-receptor interaction,36/2373,88/8227,0.009844098478226192,0.03915266440203599,0.02661203655597033,1277/1280/1282/1287/1278/1293/1286/3908/1297/3915/1284/1285/341640/7058/1288/3688/1292/158326/80144/3339/9900/3655/1605/22801/3913/1299/8516/63923/3693/3918/3685/255743/3696/961/3694/948,36
hsa05100,Bacterial invasion of epithelial cells,32/2373,77/8227,0.0111253010424835,0.04375118387493511,0.029737646784166422,858/5295/3688/2549/998/8936/5291/23607/1495/26052/5293/653857/23176/5296/6464/7414/999/55964/399694/55752/387/857/5829/3059/5290/60/71/1399/10096/5879/10094/2017,32
hsa04211,Longevity regulating pathway,36/2373,89/8227,0.012039005617894805,0.04681835518070202,0.03182240081455236,9470/3479/9586/5565/10000/4893/5295/2309/23411/6199/208/10645/5291/6198/10891/2475/9474/5293/847/5296/8660/3845/5563/9370/53632/3667/5566/1978/5571/1385/5290/3480/2308/5970/64764/6009,36
hsa04725,Cholinergic synapse,44/2373,113/8227,0.012842255021286103,0.04939328854340809,0.03357258108514354,9586/10000/55970/4893/5295/773/2353/208/54331/2782/2776/5291/2534/818/775/59345/2771/1139/5293/817/2790/5296/2775/3845/3768/2784/1143/3760/56479/5566/5578/774/2785/23533/43/5579/5330/1385/5290/3759/10681/776/1141/64764,44
hsa04662,B cell receptor signaling pathway,34/2373,84/8227,0.014247041223524095,0.05407469975589273,0.0367545327664113,2932/10000/4893/5295/4775/2353/208/2885/5291/974/23547/5530/5534/5293/4773/5296/8915/3845/10451/84433/1147/11027/930/79168/5579/5894/4792/5290/4772/5970/3635/6654/5879/11024,34
hsa05202,Transcriptional misregulation in cancer,70/2373,193/8227,0.014368420220851495,0.05407469975589273,0.0367545327664113,84444/2130/3479/4613/894/905/862/64919/26039/4291/890/2120/578/5087/329/3206/4193/3248/2118/6692/5154/6688/860/8900/6258/5077/2078/861/1643/3087/8864/4297/51804/2530/1026/8464/3207/466/4221/598/51274/648/2521/1027/51513/4094/1671/1668/7468/5218/4300/3486/330/3480/2005/5090/2313/2308/7849/7048/2321/1051/1436/3020/5970/8013/4211/4208/4286/6667,70
hsa04020,Calcium signaling pathway,85/2373,240/8227,0.014771144032806998,0.05499894054768563,0.03738273853767505,777/7422/491/56034/8817/808/291/493/773/488/5155/490/1909/2776/5021/5159/444/1812/818/2915/775/6262/5154/3363/1910/5979/624/10105/1139/91860/5530/57620/5534/5733/817/2264/146/4916/10800/80228/2066/93129/5566/83447/2903/2065/6915/4842/4915/4923/5578/774/2263/2246/5255/3706/3360/8536/5579/5330/5025/2250/2254/57118/6263/3707/3358/3357/801/5156/153/776/51196/155/90550/5737/3356/2321/80310/2252/2778/8822/5137/5350/6786,85
hsa04724,Glutamatergic synapse,44/2373,114/8227,0.015206851874815408,0.05602524374931992,0.038080316052169334,55970/6506/773/2898/54331/2782/2893/2776/2915/2914/9229/775/59345/2771/5530/5534/2790/2891/2913/57030/2775/54407/2784/2744/3760/5566/2903/5578/2785/6507/5579/8681/100137049/5330/10681/776/5321/2897/1742/9455/2890/2778/2918/2752,44
hsa04720,Long-term potentiation,28/2373,67/8227,0.015530396009617312,0.056621235451729784,0.038485411164183254,4893/808/2033/5908/5500/5906/2776/818/2915/775/91860/5530/5534/817/2891/3845/6196/5566/2903/5578/6197/5499/6195/5579/5894/5330/801/2890,28
hsa05120,Epithelial cell signaling in Helicobacter pylori infection,29/2373,70/8227,0.015932409587493947,0.05748807583116373,0.03907460191832482,127124/1839/5602/998/50848/523/5781/5601/5599/5058/245972/534/528/836/526/58494/1147/7082/28964/6300/1432/50617/4792/533/150084/6868/5970/9020/5879,29
hsa05418,Fluid shear stress and atherosclerosis,52/2373,139/8227,0.01723990215302049,0.06136580178539102,0.04171028933382969,858/7422/2941/7132/92/10000/5295/808/3458/2353/5602/208/5155/5291/5154/51588/5601/91860/2944/2948/5293/90/5599/5296/10365/5563/658/25828/4217/1728/3383/1147/387/857/5609/2946/6300/6612/1432/1003/3685/5598/9181/5290/6885/801/60/71/5970/4205/5879/4208,52
hsa04210,Apoptosis,51/2373,136/8227,0.01735775536215346,0.06136580178539102,0.04171028933382969,7132/10000/4893/4170/5295/841/10038/578/329/6709/2353/5602/208/840/56616/5291/1515/1965/27113/1519/5601/1521/5783/5293/5599/5296/10018/9131/3845/1677/4217/843/836/598/1508/1147/835/5894/4792/5290/9451/55367/330/60/5366/71/5970/9020/317/6708/331,51
hsa04370,VEGF signaling pathway,25/2373,59/8227,0.017808883827055224,0.06233109339469328,0.042366397314889274,7422/10000/4893/5295/998/208/5291/5530/5534/5293/4773/5296/3845/5578/6300/5829/1432/5579/8681/100137049/5894/5743/5290/5321/5879,25
hsa04664,Fc epsilon RI signaling pathway,28/2373,68/8227,0.01930162335800443,0.06651303191143848,0.04520885778040632,10000/4893/5295/5602/208/2885/5291/2534/5601/5293/5599/5296/9846/3845/10451/5578/5609/6300/1432/8681/100137049/3596/5894/5290/5321/3635/6654/5879,28
hsa05226,Gastric cancer,55/2373,149/8227,0.019383797871333503,0.06651303191143848,0.04520885778040632,4040/8817/2932/10000/4893/5295/23401/578/4089/5915/2549/7855/6199/208/2885/7042/8322/5291/6198/2475/1495/11211/1017/9134/5293/1452/7976/6258/1643/5296/6464/3845/83439/1026/999/1027/399694/4087/2263/2246/1871/1870/5894/2250/2254/5290/5925/4088/8323/8324/7048/2252/6934/6654/8822,55
hsa05417,Lipid and atherosclerosis,76/2373,215/8227,0.02126638629756053,0.07226441945772995,0.04911807157126909,5452/5451/7132/2932/10000/4893/5295/808/4775/7187/841/2353/5602/998/208/840/1573/5908/5906/5291/818/959/4615/1965/5601/91860/5530/5534/5293/817/4773/5599/6258/5296/148022/3845/10010/1555/57534/3452/4217/22926/10451/836/598/10454/3383/5578/1147/387/5609/6300/142678/1432/6774/114609/1559/1558/3654/5330/4792/3444/5290/3449/9451/6885/4772/3606/801/5970/5879/317/23118/3309/948/3304,76
hsa05130,Pathogenic Escherichia coli infection,70/2373,197/8227,0.02333063677717349,0.07851656607702617,0.05336765092754261,7132/9076/7280/841/578/4430/2353/3688/5602/998/347733/840/8936/2534/4615/5781/5601/10006/10802/4542/5599/25/653857/4644/5058/7456/10972/4642/8440/4629/283446/257397/23365/836/2212/3071/10454/4641/4627/1147/7082/387/9267/6300/1432/114609/3059/3654/2846/9181/4792/147179/4646/6885/10810/3606/53842/60/71/382/4671/10096/4651/5970/5879/10094/5861/23118/2017/9073,70
hsa05031,Amphetamine addiction,28/2373,69/8227,0.023758656514983875,0.07919552171661291,0.05382913656527675,9586/808/23411/2353/5173/2893/5500/1812/818/775/91860/5530/5534/817/2891/5566/2903/6804/5578/5499/5579/1385/801/776/1644/2890/2778/64764,28
hsa05142,Chagas disease,39/2373,102/8227,0.025040903892258944,0.08216075787367544,0.05584460535173128,7132/10000/5295/841/3458/2353/5602/208/7042/2776/5291/4615/2771/624/5601/5293/5599/5296/148022/2775/5519/5054/1147/4087/6300/3586/1432/54106/3654/5330/4792/5290/5516/5520/915/3460/7048/5970/2778,39
hsa05414,Dilated cardiomyopathy,37/2373,96/8227,0.02511771740709506,0.08216075787367544,0.05584460535173128,70/3479/3908/55799/7168/10368/3688/488/6443/7042/3655/1605/775/6262/22801/783/183/1756/8516/5566/7171/7273/782/784/3693/3685/7170/3696/153/4633/60/776/71/785/2778/3694/5350,37
hsa04371,Apelin signaling pathway,51/2373,139/8227,0.026577176816406093,0.08612973968279752,0.058542319303194715,5565/10000/55970/4893/9759/808/4089/6199/208/54331/2782/22800/2776/6198/10891/2475/6262/59345/2771/91860/4209/2790/4899/8678/3845/10365/8862/5563/2784/53632/5566/5054/999/4842/4087/2785/23533/5571/5894/5330/6263/5581/10681/5346/1490/801/22808/4633/4088/4205/4208,51
hsa04923,Regulation of lipolysis in adipocytes,24/2373,58/8227,0.02719902674115764,0.0873363243982126,0.059362434027055794,10000/5295/63924/5592/208/5291/2771/5733/5293/5296/2167/8660/5593/3667/5566/4878/5743/5290/7253/5346/153/155/11343/2778,24
hsa04919,Thyroid hormone signaling pathway,45/2373,121/8227,0.028186585908499172,0.08968459152704282,0.060958549428907306,23439/1734/2932/10000/4893/5295/116931/8202/208/488/2033/4193/481/7067/9282/5291/4853/6567/2475/5293/6258/5296/3845/4851/477/5566/5578/9969/5579/486/5894/3685/5330/3091/5290/7068/6772/8648/60/71/51196/2308/1827/6009/5350,45
hsa04928,"Parathyroid hormone synthesis, secretion and action",40/2373,106/8227,0.02921836203645674,0.09212997038522397,0.06262067160018231,1839/4325/4040/9586/8600/2353/5744/11214/9935/2776/10893/2771/142680/4209/4929/860/6258/5144/409/10568/1591/1026/5566/5578/387/9247/7421/5745/5579/5894/56302/4324/408/5330/1385/2778/64764/4205/4208/6667,40
hsa04070,Phosphatidylinositol signaling system,37/2373,97/8227,0.029614373540491692,0.09254491731403654,0.06290271071570604,160851/5728/8527/5295/808/3633/9110/8526/55361/5291/5287/23262/91860/5305/5293/117283/5296/8525/8396/8395/253430/55300/23396/5578/54928/1608/3706/5579/5330/8897/5290/3707/801/51196/22908/3635/64768,37
hsa00910,Nitrogen metabolism,9/2373,17/8227,0.03138445647012284,0.09720849349153092,0.06607253993710073,1373/760/377677/761/765/2746/767/23632/2752,9
hsa04750,Inflammatory mediator regulation of TRP channels,37/2373,98/8227,0.03471025740873807,0.10645700095805609,0.07235874350833287,3479/5295/808/3556/5602/1573/5500/2776/5291/818/41/624/5601/91860/5293/817/5599/5296/5566/5578/8989/6300/5499/1432/5579/8681/100137049/5330/5290/40/5581/3358/3357/801/5321/3356/2778,37
hsa04658,Th1 and Th2 cell differentiation,35/2373,92/8227,0.0350529673219006,0.10645700095805609,0.07235874350833287,6775/4775/3458/2353/5602/7297/30009/4853/3559/5601/5530/9794/5534/4773/54567/5599/3594/3714/4851/3716/3718/1147/6300/1432/3596/4094/4792/4772/3111/3123/915/6772/3460/3516/5970,35
hsa05412,Arrhythmogenic right ventricular cardiomyopathy,30/2373,77/8227,0.03528289174609859,0.10645700095805609,0.07235874350833287,3908/55799/10368/3688/488/6443/3655/1605/775/6262/1495/1824/22801/783/1829/1756/2697/8516/83439/782/784/3693/3685/3696/60/776/71/785/6934/3694,30
hsa04062,Chemokine signaling pathway,67/2373,192/8227,0.038259101634901226,0.11445030403602931,0.07779178560042894,6356/2932/10000/55970/4893/5295/2309/998/208/54331/2885/2782/5908/6376/5906/7074/2776/56288/5291/59345/2771/10344/5293/2790/6363/5058/6367/5296/6464/409/2869/3845/2784/56477/5566/10451/2868/3718/58191/4283/1147/399694/10563/387/2785/6346/23533/5829/1236/6774/5579/5894/408/5330/4792/5290/6354/10681/1794/6772/1399/6357/5970/6654/3702/5879/10803,67
hsa04022,cGMP-PKG signaling pathway,59/2373,167/8227,0.039160348698262674,0.11615357664738929,0.07894949871371423,23439/491/4882/9586/10000/808/4775/291/493/5592/208/488/481/5500/490/1909/2776/775/2771/1910/624/10105/91860/5530/4209/5534/4773/4659/146/8660/150/10242/477/5593/8654/3667/6722/83447/4878/387/23533/5499/486/5894/10398/5330/1385/4772/5581/157855/801/153/776/155/27345/64764/4205/4208/5350,59
hsa04730,Long-term depression,24/2373,60/8227,0.04115589908624087,0.12104676201835551,0.08227539313127322,3479/4893/773/5592/2776/2771/2891/2775/3845/5519/5593/4842/5578/5579/8681/100137049/5894/5330/5516/3480/5321/2890/2778/2895,24
hsa05207,Chemical carcinogenesis - receptor activation,73/2373,212/8227,0.04228504940565941,0.12333139409983992,0.08382825583928971,7422/2941/3836/9586/8817/10000/4893/8600/5295/367/773/9314/2353/6199/196/208/2885/405/5291/6198/4853/775/2475/2771/1139/2944/2948/5293/54567/6258/5296/409/3839/79799/3845/1544/6196/1555/1143/993/5566/5578/774/2946/6197/1978/6195/6774/23633/7421/9970/5579/5894/408/1385/2250/2254/5290/23746/153/5925/776/688/155/1141/5970/3840/2252/2778/6654/8822/64764/331,73
hsa04960,Aldosterone-regulated sodium reabsorption,16/2373,37/8227,0.04309842301767562,0.12466485996848321,0.08473461158760062,3479/23439/6446/5295/481/5291/5293/5296/23327/3845/477/3667/5578/5579/486/5290,16
hsa03015,mRNA surveillance pathway,36/2373,97/8227,0.047342031156598297,0.13581730249843774,0.09231491838991558,10914/64895/79869/5500/23049/10482/80335/65110/2107/11052/124540/9939/5411/5519/56903/84305/10767/26019/340529/645974/8731/2521/5499/4440/23381/9775/8732/5527/5516/5520/5523/4686/9887/1479/55339/55110,36
hsa04540,Gap junction,33/2373,88/8227,0.048587476131914116,0.13825704590382065,0.0939732101481608,7280/56034/4893/5592/347733/2885/5155/2776/5159/1812/2915/2771/5154/10746/2697/3845/5593/5566/5578/7082/5579/5894/5330/5598/3358/3357/983/5156/153/3356/80310/2778/6654,33
hsa05213,Endometrial cancer,23/2373,58/8227,0.049581930803981746,0.13994899823704526,0.09512322887690897,5728/2932/10000/4893/5295/2309/578/208/2885/5291/1495/2002/5293/1643/5296/3845/83439/1026/999/5894/5290/6934/6654,23
hsa04936,Alcoholic liver disease,50/2373,142/8227,0.057183050259482206,0.16011254072655018,0.1088283735464672,7132/2932/5565/10000/7187/2309/23411/841/5602/208/10645/6720/10891/4615/5601/219/5599/217/148022/83439/5563/3452/9370/4217/257397/53632/836/10454/51/1147/5609/6300/5571/1432/114609/717/3654/4792/3444/3449/6885/130/2308/8310/728/5970/6934/9020/23118/79966,50
hsa04670,Leukocyte transendothelial migration,41/2373,114/8227,0.0585165885733877,0.16254607937052137,0.11048244793304614,9076/5295/3688/998/50848/5908/5906/5291/1500/1495/2771/5781/4267/5293/11069/4478/5296/87/7414/10451/4301/3383/58494/5578/387/6300/5829/1432/5579/1003/10398/5290/53842/4633/60/71/10627/3702/5879/7294/9073,41
hsa04961,Endocrine and other factor-regulated calcium reabsorption,21/2373,53/8227,0.059385643404515964,0.1630942697926931,0.11085505255082298,23439/491/493/481/490/2776/624/26052/160/8766/477/5566/5578/7421/5745/5579/486/56302/5330/163/2778,21
hsa04340,Hedgehog signaling pathway,22/2373,56/8227,0.05964590438132776,0.1630942697926931,0.11085505255082298,1455/894/2932/1456/53944/1452/409/132884/2736/5566/57154/1954/2121/5727/408/2737/50937/8405/11127/730094/91653/51684,22
hsa05164,Influenza A,59/2373,171/8227,0.06049774258771546,0.1641411620596931,0.11156662443756586,7132/3836/1021/11100/10000/5295/6041/7187/291/841/578/3458/79671/208/2033/7297/5291/91543/4615/1965/10482/1019/5293/9021/10379/3455/7514/5296/148022/8766/9230/3452/3716/83447/836/3383/5578/1147/56649/23633/5579/10241/57506/5894/4792/3444/5290/3449/3606/3111/3123/6772/60/71/3460/90865/5970/3337/317,59
hsa05146,Amoebiasis,37/2373,102/8227,0.061958096132695456,0.16681025881879546,0.11338080749788805,1281/1277/1282/1287/1278/1286/3908/3915/1284/5295/1285/5272/3458/1288/7042/2776/5291/3913/5293/5869/5296/87/7414/7879/5566/836/384/5578/3586/5579/3918/5330/5290/912/5878/5970/2778,37
hsa04912,GnRH signaling pathway,34/2373,93/8227,0.06446967858004825,0.17224723284745713,0.11707631465721902,1839/4893/808/5602/998/2885/4214/2776/818/775/5601/91860/2002/817/5599/10746/3845/5566/5578/5609/6300/1432/5579/8681/100137049/5894/5330/5598/801/776/5321/4215/2778/6654,34
hsa04130,SNARE interactions in vesicular transport,14/2373,33/8227,0.06611355204746389,0.17530108497433605,0.11915201565172917,8675/10652/6844/6843/2054/9341/6804/10282/53407/10228/6845/8674/143187/9342,14
hsa05131,Shigellosis,82/2373,247/8227,0.07314981732881733,0.1924995192863614,0.13084177852245918,81858/7132/2932/10000/5295/2309/3688/5602/998/6199/208/4193/8936/5291/7307/6198/2475/4615/7321/5601/5217/9140/9474/5293/5481/5599/8678/653857/23176/5296/8915/87/989/7323/7414/11335/257397/10318/7322/598/10454/10616/55964/1147/55752/387/9267/6300/831/5829/1432/10241/3059/3099/10398/5330/9181/4792/5290/6885/5581/3606/4633/1729/60/83660/71/51196/382/1399/4671/7311/2308/10096/10627/3020/5970/5879/10094/23118/10325/2017,82
hsa00290,"Valine, leucine and isoleucine biosynthesis",3/2373,4/8227,0.07517591875005775,0.19540856625287537,0.1328190555583454,586/10993/587,3
hsa04310,Wnt signaling pathway,58/2373,170/8227,0.0753718755546805,0.19540856625287537,0.1328190555583454,81839/4040/894/2932/4775/23401/56998/4919/4089/23500/5602/7855/90665/2033/23002/5467/440193/8322/166336/818/11211/5601/5530/5534/817/1452/7976/2487/4773/5599/83439/144165/80319/4007/5566/5578/51701/387/7090/1457/84133/5579/9350/64840/5330/6885/4772/6424/5663/4088/7091/8323/8324/284654/6934/57680/340419/5879,58
hsa05152,Tuberculosis,61/2373,180/8227,0.0782266162240543,0.20131849763543389,0.13683603147551296,7132/64581/10000/808/841/3458/5602/208/2033/5994/7042/818/4615/5601/91860/5530/8411/5534/817/5869/11151/5599/245972/8915/3452/3716/23365/7879/843/836/2212/4801/3687/4802/8625/5993/387/6300/3586/1432/7421/114609/54106/50617/5894/3654/1385/3444/3449/3606/3111/801/3123/6772/533/3460/5878/1051/5970/317/30835,61
hsa04064,NF-kappa B signaling pathway,37/2373,104/8227,0.08023864523608643,0.2049892396542354,0.13933103206573594,7132/7128/8600/23085/7187/329/1896/959/4615/51588/7329/6363/8915/148022/257397/598/10454/3383/84433/1147/1457/8740/114609/5579/3654/4792/5743/6885/55367/330/6357/4050/5970/9020/23118/29775/331,37
hsa00562,Inositol phosphate metabolism,27/2373,73/8227,0.08108259198335131,0.20564425503023884,0.13977624552431273,5728/4329/3633/9110/138429/55361/5291/5287/5305/5293/51763/55586/8396/8395/9562/253430/55300/23396/3706/5330/8897/5290/3707/51196/22908/3635/64768,27
hsa04925,Aldosterone synthesis and secretion,35/2373,98/8227,0.08294133171315396,0.20760045560373838,0.14110587358329288,23439/491/9586/808/493/481/490/2776/818/775/91860/4929/817/183/747/477/5566/466/5578/4878/949/8536/5579/5330/1385/57118/5581/801/4158/25865/776/23683/2778/64764/5587,35
hsa04710,Circadian rhythm,14/2373,34/8227,0.08357780626134444,0.20760045560373838,0.14110587358329288,5565/6095/8863/9572/9975/5187/8864/5563/53632/5571/6096/1385/26224/406,14
hsa04929,GnRH secretion,24/2373,64/8227,0.08363332640036318,0.20760045560373838,0.14110587358329288,3782/10000/4893/5295/208/2776/5291/775/5293/5296/409/3845/3767/7223/3760/5578/57657/5579/5894/408/5330/5290/3781/776,24
hsa05216,Thyroid cancer,15/2373,37/8227,0.08476199280021304,0.2089204047892575,0.1420030420522472,4893/578/8031/5979/10342/6258/1643/3845/83439/1026/999/7170/7849/6934/8030,15
hsa00520,Amino sugar and nucleotide sugar metabolism,19/2373,49/8227,0.0861192740478943,0.21078143997736365,0.14326798627032838,140838/2821/7358/91373/5238/2582/10007/9945/5236/4351/64841/1727/80896/7264/5373/3099/2673/80146/2592,19
hsa04911,Insulin secretion,31/2373,86/8227,0.08841944269550361,0.21490836766268237,0.1460730559150864,3782/23439/9586/481/2776/818/775/6262/885/6844/817/11069/10242/477/3767/5566/6804/5578/6616/5579/486/5330/1385/3651/157855/3781/776/116/27345/2778/64764,31
hsa00900,Terpenoid backbone biosynthesis,10/2373,23/8227,0.09618775995716726,0.2305870957877297,0.15672987563316368,3158/3156/3157/116150/23590/79947/2342/51449/23463/57107,10
hsa03060,Protein export,10/2373,23/8227,0.09618775995716726,0.2305870957877297,0.15672987563316368,23478/6730/60559/9789/6728/55176/11231/5018/10952/3309,10
hsa04950,Maturity onset diabetes of the young,11/2373,26/8227,0.0992911227587208,0.23640743513981144,0.16068595591457863,4760/3174/2494/3175/222546/3087/4821/5078/3375/3651/3172,11
hsa05166,Human T-cell leukemia virus 1 infection,73/2373,222/8227,0.10276229441560128,0.2429491417220615,0.1651323489599576,7132/9586/5728/894/10000/4893/5295/4775/291/890/4089/2353/5602/208/2033/7042/4214/5291/7538/3559/1017/5601/5530/6688/9134/1019/5534/2002/5293/4773/5599/23373/8900/7514/5296/119504/3845/9519/3716/6722/1026/5566/83447/598/4801/3383/3718/1147/4087/1871/2113/25906/1870/1029/4792/1385/5290/4772/3111/11200/3123/915/5925/2005/4088/83660/996/4215/7048/5970/9020/64764/331,73
hsa00514,Other types of O-glycan biosynthesis,18/2373,47/8227,0.10342692033310619,0.2429491417220615,0.1651323489599576,2590/100528030/8693/51809/2589/2591/29954/283464/114805/6487/3955/79623/6480/56983/56913/64409/285203/8473,18
hsa05032,Morphine addiction,32/2373,91/8227,0.11210538194220153,0.2615792245318036,0.1777952022381582,2561/55970/773/2568/54331/2782/27115/1812/59345/2771/2560/2790/5144/409/2869/2775/2784/3760/5566/2868/5578/2558/774/2785/5579/408/10681/5151/2555/2554/2778/5137,32
hsa00310,Lysine degradation,23/2373,63/8227,0.1148454911236182,0.264446854560963,0.1797443282128651,84444/64324/84787/83852/9869/51111/8085/387893/219/80854/58508/217/4297/6839/55217/2122/1738/1962/7468/54904/85007/56979/55870,23
hsa03250,Viral life cycle - HIV-1,23/2373,63/8227,0.1148454911236182,0.264446854560963,0.1797443282128651,905/22936/256987/4130/2033/23534/79869/9972/27125/5045/11052/7514/85363/5903/4131/10955/9525/9146/128866/636/200315/4300/11168,23
hsa04620,Toll-like receptor signaling pathway,36/2373,104/8227,0.11642872607340549,0.266340223043738,0.18103124934702194,10000/5295/7187/841/2353/5602/208/5291/4615/5601/941/5293/5599/3455/5296/148022/3452/10454/4283/1147/5609/6300/1432/114609/54106/3663/3654/4792/3444/5290/3449/6885/6772/5970/5879/23118,36
hsa04350,TGF-beta signaling pathway,34/2373,98/8227,0.12121112669440948,0.2754798333963852,0.18724343563182871,2200/92/3397/3458/4089/6199/2033/7042/3547/7050/6198/5308/3399/90/7027/10468/658/5519/10637/1634/387/4087/57154/5516/5933/4088/9372/4090/91/7048/9241/392255/6667/130399,34
hsa04110,Cell cycle,43/2373,127/8227,0.12415835893776396,0.28035758469817673,0.19055883952417424,7531/894/1021/2932/890/4089/10735/2033/7042/4193/8317/1017/9134/1019/7027/8900/25/10926/7534/6502/119504/7029/993/1026/10274/1027/4087/1871/25906/1870/1029/983/11200/5933/5925/4088/5000/996/8556/10971/7465/7532/994,43
hsa00591,Linoleic acid metabolism,12/2373,30/8227,0.12650696423281452,0.281736099901785,0.19149581527158926,1573/151056/81579/1544/26279/1559/1558/8681/100137049/5319/1557/5321,12
hsa00630,Glyoxylate and dicarboxylate metabolism,12/2373,30/8227,0.12650696423281452,0.281736099901785,0.19149581527158926,2653/2731/847/283871/54363/1738/112817/1431/4594/2752/5095/55902,12
hsa03013,Nucleocytoplasmic transport,37/2373,108/8227,0.1271837250985201,0.281736099901785,0.19149581527158926,3836/23279/23636/57510/23534/55161/9972/8021/10482/64901/64328/65110/7329/7514/9688/3839/9939/5411/348995/84305/26019/5903/81929/51194/23225/8563/6612/23633/79228/9775/4686/51808/23039/57187/55110/55746/3840,37
hsa04727,GABAergic synapse,31/2373,89/8227,0.1287775414098238,0.28347257543042975,0.1926760963827884,2561/55970/773/2568/54331/2782/66008/775/59345/2771/2560/2790/2775/54407/2784/2744/5566/5578/2558/774/2785/5579/23710/10681/2555/776/11345/10243/2554/2752/18,31
hsa04914,Progesterone-mediated oocyte maturation,35/2373,102/8227,0.13263934210155495,0.29014856084715146,0.1972137586509962,3479/10000/5295/890/441273/5602/208/22849/5291/2771/1017/5601/5293/5599/8900/5296/119504/3845/6196/993/5566/6197/6300/6195/1432/25906/6793/5894/5290/64506/983/132864/3480/996/994,35
hsa04723,Retrograde endocannabinoid signaling,49/2373,148/8227,0.14396721576156246,0.3129722081773097,0.21272697458066767,2561/55970/773/2568/1268/5602/54331/2782/2893/2776/2915/775/59345/2771/5601/2560/4725/2790/2891/5599/57030/2775/747/55967/4718/2784/57406/3760/5566/5578/2558/774/2785/4695/6300/1432/4700/5579/5330/5743/10681/4715/2555/776/11343/4711/2890/2554/4698,49
hsa00430,Taurine and hypotaurine metabolism,7/2373,16/8227,0.14900517396590343,0.3204525383710322,0.21781134938903243,2326/124975/51380/84890/2686/570/2329,7
hsa04934,Cushing syndrome,51/2373,155/8227,0.1500876225233789,0.3204525383710322,0.21781134938903243,9586/1021/2932/5087/7855/196/8085/5908/8322/5906/405/2776/818/775/2771/11211/1017/1395/9134/1019/817/7976/51655/183/83439/4297/3739/57552/1026/5566/4221/1027/56246/949/1871/1870/1029/5330/1385/23746/4158/5151/5925/3776/776/8323/8324/6934/2778/64764/6667,51
hsa05033,Nicotine addiction,15/2373,40/8227,0.1501549036938551,0.3204525383710322,0.21781134938903243,2561/773/2568/2893/1139/2560/2891/57030/2903/2558/774/2555/1141/2890/2554,15
hsa00410,beta-Alanine metabolism,12/2373,31/8227,0.15468281531487396,0.32811506278912655,0.22301956147471463,4329/219/51380/222/217/51/35/1962/314/8310/55748/18,12
hsa04924,Renin secretion,24/2373,69/8227,0.1680624074651063,0.35385878071372395,0.24051754719188462,808/1909/2776/775/2771/91860/5530/5534/183/5593/5566/1508/9635/4878/5330/1385/3759/801/153/776/155/116/2778/5137,24
hsa04621,NOD-like receptor signaling pathway,60/2373,186/8227,0.16884118965483402,0.35385878071372395,0.24051754719188462,81858/7531/7128/6041/7187/841/329/79671/5602/118429/7297/59082/4615/5601/9140/9474/10379/5599/54822/4210/3455/63940/148022/10010/3452/25828/3716/257397/598/10454/10616/1508/1147/387/56919/6300/22861/1432/57506/5330/4792/1671/3444/1668/3449/23710/6885/3606/6772/330/11345/4671/90550/5586/5970/10135/23118/55914/331/84674,60
hsa04962,Vasopressin-regulated water reabsorption,16/2373,44/8227,0.17350058895808315,0.3614595603293399,0.24568379138174684,9586/361/1780/6844/5869/8766/51164/9230/5566/1639/51626/1385/5878/2778/64764/51143,16
hsa04514,Cell adhesion molecules,51/2373,157/8227,0.17635403389334353,0.3652302477081079,0.24824672475799217,29851/23114/9076/3688/80381/50848/1272/3655/959/5789/257194/64115/54413/947/941/4267/4684/9369/6614/25945/4099/8516/6693/23308/940/999/3383/5818/58494/1493/9019/84189/79679/9378/1003/5819/3685/6402/3696/3111/139065/214/3123/53842/201633/10666/29126/152404/22865/9073/23705,51
hsa04650,Natural killer cell mediated cytotoxicity,43/2373,131/8227,0.17911716978717632,0.3687706436794806,0.2506531292377824,154064/80328/4893/5295/3458/2885/5291/2534/5781/5530/5534/5293/4773/3455/5058/5296/6464/3845/3452/117157/6452/10451/4277/836/100507436/3824/3383/5578/399694/9436/3822/5579/80329/5894/962/3444/5290/3449/4772/51744/3460/6654/5879,43
hsa00564,Glycerophospholipid metabolism,33/2373,99/8227,0.18837980230345985,0.3855726947731634,0.2620734707330374,9926/160851/8527/10434/56895/9468/8526/57678/56261/151056/81579/253558/2819/196051/8525/10162/10554/54947/26279/1608/6901/43/56894/8681/100137049/5319/51365/1119/85465/5321/55500/55224/23171,33
hsa04932,Non-alcoholic fatty liver disease,50/2373,155/8227,0.19464709985614279,0.3938854789393326,0.2677236638805689,7132/2932/5565/10000/5295/841/2353/5602/998/208/9167/840/3952/6720/5291/1965/5601/5293/9021/4725/5599/1340/5296/10018/8660/125965/55967/5563/4718/7381/9370/4217/53632/3667/836/4296/4695/3570/6300/5571/1432/4700/5290/9451/4715/1327/4711/5970/4698/5879,50
hsa04142,Lysosome,43/2373,132/8227,0.19469196530429866,0.3938854789393326,0.2677236638805689,164/8372/8905/411/23431/2519/1515/2799/2760/1519/1521/23335/9374/245972/8763/51172/58511/3425/53/162/2517/1508/4758/23062/3988/950/2720/967/1201/50617/9583/26503/2588/6272/285362/4074/9741/1200/533/175/6609/26985/2581,43
hsa03022,Basal transcription factors,16/2373,45/8227,0.20083833723758898,0.4039851611100928,0.2745884102582887,6877/2963/6882/404672/9519/2965/6875/129685/2961/6874/51616/6883/138474/6879/27097/2957,16
hsa00760,Nicotinate and nicotinamide metabolism,13/2373,36/8227,0.21473830980182643,0.42947661960365285,0.2919149354298513,23411/4837/284958/133686/4907/23408/65220/23410/5167/27231/51547/22933/10135,13
hsa05321,Inflammatory bowel disease,22/2373,65/8227,0.2223559638087478,0.4415369736500748,0.3001123490072689,6775/6095/3458/50616/7042/30009/3594/4087/3586/6774/50943/3596/4094/50615/4772/3606/3111/3123/6772/4088/3460/5970,22
hsa04721,Synaptic vesicle cycle,26/2373,78/8227,0.22329155524589497,0.4415369736500748,0.3001123490072689,127124/6506/773/523/10497/26052/6844/10814/160/2054/57030/245972/6536/534/528/6812/6804/526/774/6616/339302/6507/50617/6857/163/533,26
hsa04611,Platelet activation,40/2373,124/8227,0.22613628045203013,0.4446499896528682,0.30222826364375405,1281/1277/1278/10000/5295/3688/5592/208/5908/5500/5906/2776/5291/2534/2771/5293/4659/5296/5584/5593/23365/5566/6915/2212/387/6300/23533/5499/1432/8681/100137049/5330/5290/60/83660/71/5321/10627/2778/6786,40
hsa03050,Proteasome,16/2373,46/8227,0.23003212550356184,0.4497834856214896,0.3057174969938546,3458/5713/23198/9491/11047/5690/5701/10197/5719/5696/5715/122706/5682/51371/5695/5706,16
hsa04330,Notch signaling pathway,20/2373,59/8227,0.23412547135535214,0.4552439720798514,0.3094289855339742,23220/6310/23462/2033/4853/9612/23493/9794/342371/54567/3714/4851/3955/7090/9541/8650/5663/7091/6868/3516,20
hsa00770,Pantothenate and CoA biosynthesis,8/2373,21/8227,0.23805667900589472,0.4603305947627798,0.31288635914703233,586/219/51380/217/53354/587/5167/60496,8
hsa00250,"Alanine, aspartate and glutamate metabolism",13/2373,37/8227,0.2487555390001652,0.47837603653877925,0.32515183235417777,1373/284716/158/339983/9945/84706/2744/2746/5471/2805/2673/2752/18,13
hsa04973,Carbohydrate digestion and absorption,16/2373,47/8227,0.26087121628277493,0.49452834382563854,0.3361305434724641,23439/10000/5295/208/481/5291/5293/5296/92579/477/5579/486/3099/5330/5290/776,16
hsa04978,Mineral absorption,20/2373,60/8227,0.26139355316498036,0.49452834382563854,0.3361305434724641,23439/491/1317/493/55630/481/490/538/1181/79901/142680/54822/341208/10568/477/26872/65010/7421/486/113235,20
hsa05416,Viral myocarditis,20/2373,60/8227,0.26139355316498036,0.49452834382563854,0.3361305434724641,3908/841/6443/1525/2534/959/1605/941/25/1756/940/836/3383/857/27/3111/3123/60/71/5879,20
hsa05230,Central carbon metabolism in cancer,23/2373,70/8227,0.2666504351830112,0.501761571580935,0.341046962939222,5728/10000/4893/5295/208/5291/5159/2475/5979/5293/4916/5296/3845/2744/3417/3948/23410/2263/5894/3099/3091/5290/5156,23
hsa04216,Ferroptosis,14/2373,41/8227,0.2762636840598764,0.5170710664222286,0.35145281507195086,2180/64116/8031/5621/9474/5094/94033/2729/10162/23657/10533/23305/7037/2182,14
hsa00270,Cysteine and methionine metabolism,17/2373,51/8227,0.28457420537834166,0.5261337638586363,0.35761272370541897,586/6611/1789/1788/4144/262/4143/2729/4548/84245/3948/10993/587/10768/2805/56267/23382,17
hsa05340,Primary immunodeficiency,13/2373,38/8227,0.28459366603495706,0.5261337638586363,0.35761272370541897,29851/57379/100/5994/959/3718/6891/3575/8625/5993/930/326/915,13
hsa00220,Arginine biosynthesis,8/2373,22/8227,0.285615471808974,0.5261337638586363,0.35761272370541897,1373/84706/2744/4842/384/2746/2805/2752,8
hsa04622,RIG-I-like receptor signaling pathway,23/2373,71/8227,0.29309630436411693,0.5358354649274688,0.3642069626273924,1654/80143/7187/841/79671/5602/4214/5601/9140/9474/5599/10010/3452/843/1147/6300/1432/57506/4792/3444/3449/6885/5970,23
hsa00531,Glycosaminoglycan degradation,7/2373,19/8227,0.2939440264744972,0.5358354649274688,0.3642069626273924,8372/411/2799/3425/2720/60495/2588,7
hsa04136,Autophagy - other,11/2373,32/8227,0.30279602941535994,0.5491119704423626,0.37323099344353067,79065/2475/9140/9474/8678/55102/10533/23710/5516/11345/9706,11
hsa04392,Hippo signaling pathway - multiple species,10/2373,29/8227,0.31281950350458354,0.5643650836422899,0.3835985230170151,7003/122786/23286/4771/25937/6788/5058/26524/79981/92597,10
hsa00561,Glycerolipid metabolism,20/2373,62/8227,0.31917128246020493,0.5728715326208806,0.38938034999193694,160851/8527/4023/56895/2710/8526/57678/219/253558/217/196051/8525/10554/8694/1608/56894/346606/231/11343/119548,20
hsa00592,alpha-Linolenic acid metabolism,9/2373,26/8227,0.32359406809419966,0.5778465501682137,0.3927618656782445,151056/81579/26279/51/8681/100137049/5319/5321/8310,9
hsa03267,Virion - Adenovirus,2/2373,4/8227,0.32795766212912947,0.5812224278366588,0.3950564471912328,1525/941,2
hsa05022,Pathways of neurodegeneration - multiple diseases,142/2373,476/8227,0.3288058306047384,0.5812224278366588,0.3950564471912328,7132/4040/2882/7280/2932/4893/808/291/23401/841/11258/578/516/6310/5602/7855/55255/347733/9167/488/840/55860/203228/5713/5173/2893/8322/2776/3798/818/2915/9246/775/2475/7222/1965/6262/57679/51465/11211/10105/1139/5621/5601/91860/5530/84134/517/5534/817/11047/4725/5481/1452/7976/2891/342371/847/5599/79139/8678/11273/1340/25978/10121/120892/4741/125965/55567/3845/55967/2878/51164/10010/5690/4718/7381/4217/55102/29982/5701/83447/22926/2903/7326/836/598/4842/6804/5578/2521/774/5719/1639/4294/64837/53349/5609/4695/6300/1457/5715/1432/4700/5579/5071/10452/5894/9973/5330/7133/5743/9217/9451/6263/4715/801/5663/1327/776/6311/11315/83544/5682/1742/90550/8323/8324/7311/4711/2890/5970/4698/5879/317/5861/5695/627/9706/3309/4287/5706,142
hsa00512,Mucin type O-glycan biosynthesis,12/2373,36/8227,0.33275403380165325,0.58524578809336,0.3977911221326297,2650/2590/100528030/8693/51809/2589/2591/114805/79623/56913/64409/256435,12
hsa00515,Mannose type O-glycan biosynthesis,8/2373,23/8227,0.33526287135672617,0.5867100248742708,0.39878636277168483,9215/29954/148789/6487/55624/2526/9486/729920,8
hsa00100,Steroid biosynthesis,7/2373,20/8227,0.34802214920653335,0.6060087175238144,0.4119036696552843,7108/51478/6307/1591/3988/1595/50814,7
hsa01523,Antifolate resistance,10/2373,30/8227,0.35708554212445615,0.618712572987919,0.4205384706624653,2348/4363/2356/2618/1147/10057/113235/9429/5970/1244,10
hsa05110,Vibrio cholerae infection,16/2373,50/8227,0.36074507019950885,0.6219742589646704,0.4227554361684677,127124/523/245972/534/528/5566/55176/526/5578/7082/50617/10952/533/60/71/2778,16
hsa05140,Leishmaniasis,24/2373,77/8227,0.36639756369991483,0.6286232710537754,0.42727476468617526,3458/2353/3688/7042/4615/2002/65108/3716/2212/10454/6300/3586/1432/5579/3654/4792/5743/6885/3111/3123/6772/3460/5970/23118,24
hsa05208,Chemical carcinogenesis - reactive oxygen species,67/2373,223/8227,0.3687436872368883,0.6295623928434678,0.4279130850605225,7422/2941/5728/10000/4893/5295/2309/291/516/2353/5602/196/208/9167/2885/1572/405/5795/5291/5781/10105/5601/2944/517/2948/5293/4725/847/5599/25/1340/5296/125965/3845/1544/55967/4718/7381/4217/83447/1728/1147/65010/5609/2946/4695/6300/5770/1432/4700/57412/27/5894/4792/3091/5290/4715/25865/1327/23683/4711/5970/4698/6654/9020/5879/5587,67
hsa01040,Biosynthesis of unsaturated fatty acids,9/2373,27/8227,0.37087173191878964,0.6301218746193028,0.42829336440289456,6785/60481/79993/51/79071/64834/570/8310/79966,9
hsa04916,Melanogenesis,31/2373,101/8227,0.3760647515382465,0.6331565806127011,0.43035605178487357,2932/4893/808/7855/2033/8322/2776/818/2771/1910/11211/91860/817/7976/2775/3845/83439/5566/5578/5579/5894/5330/1385/801/8323/8324/6934/7306/2778/64764/4286,31
hsa05415,Diabetic cardiomyopathy,61/2373,203/8227,0.376460412598821,0.6331565806127011,0.43035605178487357,1281/1277/1278/5728/2932/10000/5295/291/516/5602/208/9167/488/2997/7042/5500/5291/818/2475/6262/10105/5601/517/5293/817/4725/5599/9945/5524/1340/5296/183/125965/55967/6517/4718/7381/3667/83447/5578/4087/4695/6300/5499/1432/4700/5579/5330/5290/4715/2673/1327/4088/4711/7048/5970/4698/5879/6667/5350/948,61
hsa00533,Glycosaminoglycan biosynthesis - keratan sulfate,5/2373,14/8227,0.37808492956587003,0.6331565806127011,0.43035605178487357,9435/8534/2530/4166/6487,5
hsa04217,Necroptosis,48/2373,159/8227,0.38193925454562505,0.6353263231127585,0.4318308241307772,6775/81858/7132/7128/291/841/329/3458/5602/51510/7297/818/124044/55506/5601/817/5481/10379/5599/54822/25978/3455/148022/9131/3452/3716/83447/10616/3718/192111/2746/9525/6774/128866/8681/100137049/3444/3449/6772/330/55766/3460/5321/3014/90865/6609/2752/331,48
hsa03460,Fanconi anemia pathway,17/2373,54/8227,0.3830110119336915,0.6353263231127585,0.4318308241307772,5889/5980/57599/2177/2178/11201/51455/2067/6118/55215/672/146956/5429/6117/2175/116028/29935,17
hsa00590,Arachidonic acid metabolism,19/2373,61/8227,0.39168582188629203,0.6466511210386896,0.439528280766147,4051/1573/3248/151056/81579/1555/9536/26279/1559/80142/1558/59344/8681/100137049/5743/5319/1557/145482/5321,19
hsa05203,Viral carcinogenesis,61/2373,204/8227,0.39389441753787535,0.6472443480669313,0.43993149673120746,1654/7531/9586/894/1021/4893/9759/5295/7187/841/890/578/998/2033/2885/4193/5291/1017/9134/1019/5293/5922/10379/8900/7534/6502/245972/5296/87/3845/9734/9519/3716/6722/1026/5566/2965/836/2961/3718/1027/387/5829/6774/1029/4792/1385/5290/158983/983/5933/5925/5366/3516/10971/3190/5970/64764/5879/7532/2957,61
hsa00130,Ubiquinone and other terpenoid-quinone biosynthesis,4/2373,11/8227,0.3965250560460284,0.6485222879257474,0.44080011149238774,84274/154807/1728/27235,4
hsa05219,Bladder cancer,13/2373,41/8227,0.39918408877373707,0.6498345631200371,0.44169206395527333,7422/1839/4893/4193/1019/3845/1026/999/1871/1870/1029/5894/5925,13
hsa03320,PPAR signaling pathway,23/2373,75/8227,0.405680643970031,0.6573528953218095,0.4468022686999367,1622/4023/2180/2710/3158/5467/3157/345/6258/2167/4199/9370/51/10999/23305/1962/5346/8310/2182/11001/2169/948/79966,23
hsa04122,Sulfur relay system,3/2373,8/8227,0.4187944509127167,0.6731927889678715,0.45756863250147056,81605/90353/4338,3
hsa00511,Other glycan degradation,6/2373,18/8227,0.4222510553140061,0.6731927889678715,0.45756863250147056,2519/2517/4758/2720/57704/175,6
hsa03018,RNA degradation,24/2373,79/8227,0.42286264829027975,0.6731927889678715,0.45756863250147056,9924/7832/167227/1656/80153/9337/57472/9125/170506/4849/340529/645974/6499/25804/131870/2023/255967/387712/4850/9652/694/54464/57819/23517,24
hsa02010,ABC transporters,14/2373,45/8227,0.4231497530655193,0.6731927889678715,0.45756863250147056,10058/4363/24/64137/10060/64240/94160/26154/89845/6891/10057/9429/1244/225,14
hsa04270,Vascular smooth muscle contraction,40/2373,134/8227,0.43017967527733986,0.681280028719769,0.46306552328020395,4882/808/5592/4637/5500/1909/2776/775/91860/81579/4659/146/183/10242/4629/23365/5566/26279/4627/5578/72/4878/387/796/5499/5579/8681/100137049/5894/10398/5330/4660/5319/5581/157855/801/776/5321/27345/2778,40
hsa05133,Pertussis,23/2373,76/8227,0.43474311326786685,0.6854058092060964,0.4658698131746701,808/2353/3688/5602/840/1073/4615/2771/5601/91860/5599/148022/836/387/6300/3586/1432/114609/717/3654/801/5970/3394,23
hsa05030,Cocaine addiction,15/2373,49/8227,0.44527082580835553,0.6988555562014549,0.4750115960948235,9586/5173/1812/2771/2891/2913/5566/2903/1385/1644/1742/5970/2778/64764/627,15
hsa04657,IL-17 signaling pathway,28/2373,94/8227,0.4585174478228704,0.716433512223235,0.48695931958631916,6356/9618/2932/7128/7187/841/3458/2353/5602/5601/5599/10758/257397/836/1147/6300/338324/1432/3596/5598/4792/5743/6885/6354/1051/5970/55540/23118,28
hsa04714,Thermogenesis,68/2373,232/8227,0.4620681275275949,0.7187726428207032,0.4885492248946735,9586/5565/4893/2180/1268/516/6595/8193/5592/6199/9167/2885/6599/28958/6198/10891/2475/517/4725/6603/55818/1340/125965/3845/55967/6196/8289/5563/4718/6601/5593/7381/4217/53632/5566/4878/84987/4695/6197/6300/6195/5571/1432/4700/23305/1385/152831/10818/4715/5346/116228/51780/1327/60/71/51241/155/11343/4711/1353/2182/6597/2778/4698/6654/64764/6009/79133,68
hsa00600,Sphingolipid metabolism,16/2373,53/8227,0.4657907155310257,0.7213573028135354,0.49030601634844817,166929/55512/9331/7368/253782/4758/8879/91012/2720/57704/8560/79603/9517/6609/81537/2581,16
hsa01210,2-Oxocarboxylic acid metabolism,6/2373,19/8227,0.48146968400916357,0.7391388262028561,0.5023921044266029,586/84706/3417/587/2805/1431,6
hsa00510,N-Glycan biosynthesis,15/2373,50/8227,0.48149614964071763,0.7391388262028561,0.5023921044266029,11320/57171/84920/54344/7991/11253/10905/201595/2530/6480/23193/7841/29880/4249/4247,15
hsa00480,Glutathione metabolism,17/2373,57/8227,0.48490868892933525,0.7411268171409054,0.503743340372465,2941/6611/2882/79017/124975/2944/2948/51060/2729/2878/3417/6241/2686/2946/290/50484/494143,17
hsa04614,Renin-angiotensin system,7/2373,23/8227,0.5113907458565277,0.7705502375122891,0.5237424170760221,186/5550/183/1359/290/4012/57486,7
hsa04964,Proximal tubule bicarbonate reclamation,7/2373,23/8227,0.5113907458565277,0.7705502375122891,0.5237424170760221,23439/760/481/477/2744/2746/486,7
hsa05143,African trypanosomiasis,11/2373,37/8227,0.5146707114443582,0.7705502375122891,0.5237424170760221,3458/2776/4615/3383/5578/4878/3586/54106/5579/5330/3606,11
hsa04979,Cholesterol metabolism,15/2373,51/8227,0.5173003632514759,0.7705502375122891,0.5237424170760221,4023/344/345/26119/64240/57552/9218/949/3988/6272/9217/29116/27329/1071/948,15
hsa04915,Estrogen signaling pathway,40/2373,138/8227,0.5178617987041133,0.7705502375122891,0.5237424170760221,1839/9586/10000/4893/5295/808/8202/3858/2353/208/2885/2776/5291/2771/2288/91860/5293/9166/5296/6464/2775/3845/3760/5566/2289/8687/399694/5894/5330/1385/7039/5290/801/8648/125115/2778/6654/64764/6667/3304,40
hsa00240,Pyrimidine metabolism,17/2373,58/8227,0.5184710689321583,0.7705502375122891,0.5237424170760221,51727/284958/1503/151531/4907/4830/953/6241/956/5167/9583/29922/1854/957/50484/56474/221264,17
hsa04927,Cortisol synthesis and secretion,19/2373,65/8227,0.5195710172940007,0.7705502375122891,0.5237424170760221,9586/5087/2776/775/183/3739/57552/5566/56246/949/5330/1385/4158/5151/3776/776/2778/64764/6667,19
hsa00230,Purine metabolism,37/2373,128/8227,0.5275818794009974,0.7791293577651861,0.5295736386614498,4882/102157402/5146/100/158/27115/3704/284958/3614/5145/4907/4830/953/5144/5147/5236/11164/2984/2618/8654/6241/956/954/5167/5471/374659/9583/131870/29922/2272/5151/957/50484/9060/53343/221264/5137,37
hsa04971,Gastric acid secretion,22/2373,76/8227,0.5356690014963017,0.7859018173883618,0.5341768743752475,23439/54207/808/760/481/2776/818/2771/91860/2520/817/477/5566/5578/5579/5330/3759/801/3776/60/71/2778,22
hsa04966,Collecting duct acid secretion,8/2373,27/8227,0.5366586695880529,0.7859018173883618,0.5341768743752475,127124/760/523/245972/534/528/526/50617,8
hsa05168,Herpes simplex virus 1 infection,147/2373,512/8227,0.5449300375505564,0.7946896380945613,0.5401499495018673,5452/5451/8427/7132/10000/7576/5295/6041/7187/841/578/329/3458/7769/55769/440275/208/84765/7297/80110/5500/57343/5291/90333/2475/4615/1965/27153/10482/147657/5781/22835/79818/199777/7581/7773/6432/5293/9021/8893/10379/3455/5296/148022/400720/29915/162239/57711/7568/3452/3716/147694/641339/84911/342892/285267/155061/163050/7752/836/3054/84914/598/10454/6892/5818/162967/1147/6891/7730/7673/125919/126375/1978/5499/10794/57547/79175/8740/94039/2923/54106/286075/57506/5819/3654/57786/339327/4792/9534/3444/5290/3449/114026/9451/148268/7639/79088/6885/7569/84874/10838/3111/6427/7625/91975/3123/163131/6772/147949/7553/330/3460/100129543/80818/55713/58492/7678/147741/7699/148198/388536/5970/344787/147923/57677/339559/93134/79862/57615/163071/7559/317/6431/84436/23118/91664/400713/6009/284349/340252/79230/349075/22869/147658/10520/57209,147
hsa04260,Cardiac muscle contraction,25/2373,87/8227,0.5497479009468168,0.7983890677650867,0.5426644490673973,70/23439/55799/7168/10368/9167/488/481/444/775/6262/783/1340/125965/477/7381/7171/782/784/486/7170/4633/1327/776/785,25
hsa00232,Caffeine metabolism,2/2373,6/8227,0.5545698294644215,0.7987631288582203,0.5429186981111512,9/1544,2
hsa00440,Phosphonate and phosphinate metabolism,2/2373,6/8227,0.5545698294644215,0.7987631288582203,0.5429186981111512,9468/85465,2
hsa00534,Glycosaminoglycan biosynthesis - heparan sulfate / heparin,7/2373,24/8227,0.5629985822011292,0.804283688858756,0.5466710185927184,3340/9953/90161/2135/26229/26035/9394,7
hsa04977,Vitamin digestion and absorption,7/2373,24/8227,0.5629985822011292,0.804283688858756,0.5466710185927184,4363/9227/151056/80704/949/113235/5948,7
hsa00380,Tryptophan metabolism,12/2373,42/8227,0.5738558367088351,0.814014553298921,0.5532850798362592,219/847/217/1544/11185/1738/1962/8564/56267/1644/121278/6999,12
hsa04972,Pancreatic secretion,29/2373,102/8227,0.5744616990423814,0.814014553298921,0.5532850798362592,23439/491/5874/760/493/488/5908/481/5906/490/2776/6262/81579/885/8766/477/9545/26279/5578/9635/1359/387/5579/486/5330/5319/1361/2778/5879,29
hsa00920,Sulfur metabolism,3/2373,10/8227,0.5858975865028442,0.8267031764052771,0.5619095274213314,10380/54928/9060,3
hsa04970,Salivary secretion,26/2373,92/8227,0.5888090798641269,0.8267031764052771,0.5619095274213314,23439/491/808/493/5592/4589/481/490/2776/91860/1471/6844/146/477/5593/5566/4842/5578/5579/486/5330/6263/801/153/155/2778,26
hsa01232,Nucleotide metabolism,24/2373,85/8227,0.5905022688609123,0.8267031764052771,0.5619095274213314,102157402/51727/100/158/3704/284958/3614/1503/151531/4907/4830/953/6241/956/954/5167/9583/131870/29922/1854/957/50484/56474/221264,24
hsa01212,Fatty acid metabolism,16/2373,57/8227,0.601244982787231,0.8383894182292067,0.5698526572024082,6785/2180/9374/60481/36/79993/51/79071/23305/35/64834/1962/8310/2182/84869/79966,16
hsa04146,Peroxisome,23/2373,82/8227,0.6049616356174357,0.840224493913105,0.5710999567649978,2180/5828/54511/92960/5830/847/54363/51555/3417/55670/51/55711/25824/23600/11264/23305/1962/84188/570/8310/2182/11001/225,23
hsa04922,Glucagon signaling pathway,30/2373,107/8227,0.6098619851315014,0.8436825881265829,0.5734504208018277,9586/5565/10000/808/23411/208/2997/2033/2776/818/10891/57223/91860/5530/5534/817/92579/5563/53632/5566/3948/55671/5255/5571/5330/1385/801/2308/2778/64764,30
hsa05014,Amyotrophic lateral sclerosis,103/2373,364/8227,0.6132962853777457,0.845093306622878,0.574409285103069,7132/2882/7280/10718/23279/6506/11258/516/23636/55255/347733/9167/55860/9972/203228/5713/3798/8021/2475/1965/10482/57679/5530/6432/84134/5217/517/5534/11047/4725/2891/847/79139/8678/11273/1340/25978/9688/10121/4741/125965/55567/55967/2878/51164/10010/5690/4718/348995/7381/4217/55102/2066/29982/5701/22926/2903/836/9782/598/4842/5903/81929/2521/5719/1639/23225/64837/3084/4695/6300/5715/3181/1432/4700/5071/10452/9973/7133/9217/9451/4715/1327/4686/60/6311/71/83544/5682/90550/4711/2890/220988/29979/55746/4698/5879/317/5861/5695/9706/3309/5706,103
hsa03420,Nucleotide excision repair,13/2373,47/8227,0.625646178838734,0.8587300493864977,0.5836781689063112,2074/54107/404672/2067/5887/1643/2965/6118/5985/5886/6117/5983/29935,13
hsa05206,MicroRNAs in cancer,87/2373,310/8227,0.642608234263999,0.8764989979206013,0.5957557098648297,7422/1946/1789/1788/4325/5728/7168/894/1021/90427/4893/9759/4170/5295/23411/4363/599/578/23405/2033/2885/5155/7042/4193/5291/5159/4853/2475/5154/9134/8651/7329/5293/7976/25/54541/5296/6464/10018/4194/1945/8660/1944/3845/7078/5292/4851/7431/2744/10642/6659/993/1591/3667/1026/2065/63923/836/5578/648/5962/1027/399694/387/6541/1871/672/6774/5579/1870/1029/5894/5598/5743/3925/5290/5581/23414/5156/6624/27250/1399/4082/1942/3190/6654/994,87
hsa00340,Histidine metabolism,6/2373,22/8227,0.6436006927588415,0.8764989979206013,0.5957557098648297,219/222/217/138199/55748/3034,6
hsa00563,Glycosylphosphatidylinositol (GPI)-anchor biosynthesis,7/2373,26/8227,0.6578028768827708,0.888922806598339,0.6042001632818785,80055/5277/10026/80235/54965/5281/51604,7
hsa00790,Folate biosynthesis,7/2373,26/8227,0.6578028768827708,0.888922806598339,0.6042001632818785,5092/2356/4338/231/10243/5805/121278,7
hsa04114,Oocyte meiosis,36/2373,131/8227,0.6676305093529145,0.8940796005465376,0.6077052322511804,3479/7531/808/367/441273/22849/5500/818/9748/1017/91860/5530/9134/5534/817/7534/119504/6196/5519/5566/6197/6300/5499/6195/1432/25906/5527/64506/5516/983/801/132864/3480/996/10971/7532,36
hsa00604,Glycosphingolipid biosynthesis - ganglio series,4/2373,15/8227,0.668538897300065,0.8940796005465376,0.6077052322511804,2720/30815/256435/9197,4
hsa03440,Homologous recombination,11/2373,41/8227,0.6692824438376939,0.8940796005465376,0.6077052322511804,5889/5890/11073/6118/672/146956/5892/5893/6117/580/29935,11
hsa03020,RNA polymerase,9/2373,34/8227,0.6823053121108429,0.9080108716303993,0.6171743067322414,55718/51082/5436/11128/10849/661/10622/27297/5434,9
hsa00601,Glycosphingolipid biosynthesis - lacto and neolacto series,7/2373,27/8227,0.7002033494359222,0.9250204900249777,0.6287357315658495,84002/6484/2523/6487/2526/2528/2529,7
hsa04623,Cytosolic DNA-sensing pathway,20/2373,75/8227,0.7030155724189829,0.9250204900249777,0.6287357315658495,841/55718/840/51082/11128/4210/58511/3452/661/836/10622/1147/57506/4792/3444/3449/3606/90865/5970/5434,20
hsa04918,Thyroid hormone synthesis,20/2373,75/8227,0.7030155724189829,0.9250204900249777,0.6287357315658495,23439/9586/2882/481/2776/53905/2878/477/5566/5578/5579/486/5330/1385/7253/7849/2778/7270/64764/3309,20
hsa01200,Carbon metabolism,31/2373,115/8227,0.7065577462031529,0.9261992927756687,0.6295369629091763,2653/4329/1373/2821/2731/847/283871/54363/22934/84706/4199/3417/8801/9563/51/2746/10993/1738/83440/3099/35/2023/5091/2805/387712/8310/5723/1431/4594/5095/55902,31
hsa05134,Legionellosis,15/2373,57/8227,0.710500263888397,0.9278921356751455,0.6306875869551365,841/840/4615/10767/51128/836/23786/4792/3606/4671/57396/5970/317/5861/3304,15
hsa00740,Riboflavin metabolism,2/2373,8/8227,0.7212908159315566,0.927988385670562,0.6307530080046526,53/5167,2
hsa00330,Arginine and proline metabolism,13/2373,50/8227,0.7213721872163861,0.927988385670562,0.6307530080046526,6611/262/219/8974/5033/65263/2628/217/4842/384/2805/112817/55748,13
hsa00565,Ether lipid metabolism,13/2373,50/8227,0.7213721872163861,0.927988385670562,0.6307530080046526,5049/5168/151056/81579/7368/54947/26279/5048/8681/100137049/5319/85465/5321,13
hsa00360,Phenylalanine metabolism,4/2373,16/8227,0.7216409658117628,0.927988385670562,0.6307530080046526,222/314/2805/1644,4
hsa04145,Phagosome,41/2373,152/8227,0.7244323779248438,0.927988385670562,0.6307530080046526,127124/7280/64581/7058/3688/347733/1780/523/8411/5869/11151/245972/9341/534/528/7879/55176/2212/4842/526/6891/949/9146/50617/3693/53407/3685/4074/3111/3123/10952/533/60/71/7037/5878/23673/5879/948/30835/51143,41
hsa05010,Alzheimer disease,106/2373,384/8227,0.7264823362106685,0.927988385670562,0.6307530080046526,7132/4040/7280/2932/4023/10000/4893/5295/808/291/23401/841/23621/64116/516/5602/7855/55630/208/347733/9167/488/840/5713/8322/2776/5291/3798/2915/775/2475/1965/11211/10105/1139/5601/91860/5530/517/5534/5293/11047/4725/5481/1452/7976/5599/8678/1340/10313/5296/8660/125965/29986/3845/55967/5690/4718/322/57181/7381/4217/55102/3667/29982/5701/83447/22926/2903/836/4842/1147/5719/55334/64837/5609/4695/1457/5715/4700/91252/5894/5330/5743/5290/9451/201266/6263/29985/4715/801/5663/1327/776/5682/90550/8323/8324/6868/4711/5970/4698/317/5695/9706/5706,106
hsa00071,Fatty acid degradation,11/2373,43/8227,0.734761024581499,0.9317621688533502,0.6333180455965629,2180/219/217/36/51/23305/35/1962/130/8310/2182,11
hsa04975,Fat digestion and absorption,11/2373,43/8227,0.734761024581499,0.9317621688533502,0.6333180455965629,81579/64240/10554/26279/8694/949/10999/5319/346606/2169/948,11
hsa00785,Lipoic acid metabolism,1/2373,4/8227,0.7437189781084232,0.9329807969102084,0.6341463461705477,116285,1
hsa03264,Virion - Flavivirus,1/2373,4/8227,0.7437189781084232,0.9329807969102084,0.6341463461705477,30835,1
hsa03265,Virion - Lyssavirus,1/2373,4/8227,0.7437189781084232,0.9329807969102084,0.6341463461705477,4684,1
hsa00500,Starch and sucrose metabolism,9/2373,36/8227,0.7517336321946781,0.9396670402433477,0.638690980736832,2997/2821/5236/92579/8908/283209/5167/3099/2992,9
hsa00532,Glycosaminoglycan biosynthesis - chondroitin sulfate / dermatan sulfate,5/2373,21/8227,0.7685372653556035,0.9516849806832626,0.6468595658177966,22856/55454/26229/9469/10090,5
hsa05217,Basal cell carcinoma,16/2373,63/8227,0.7693570485449437,0.9516849806832626,0.6468595658177966,2932/578/7855/8322/11211/7976/1643/83439/2736/1026/5727/2737/8323/8324/6934/51684,16
hsa05016,Huntington disease,83/2373,306/8227,0.769505284381038,0.9516849806832626,0.6468595658177966,9586/2882/7280/6506/291/841/5978/11258/516/5602/347733/9167/2033/55860/5713/2893/5436/2776/3798/23186/10891/2915/2475/27113/10105/5601/517/11047/4725/2891/160/4899/5599/8678/1340/10121/125965/55567/55967/2878/51164/5690/4718/7381/9519/4217/55102/29982/5701/83447/6875/836/6804/6874/774/5719/1639/4294/64837/5609/4695/5715/6507/4700/5330/1385/163/4715/1327/83544/5682/1742/4711/2890/4698/64764/317/5695/627/9706/6667/5434/5706,83
hsa03266,Virion - Herpesvirus,2/2373,9/8227,0.7827859141405905,0.9647009505253755,0.6557065107330373,5818/5819,2
hsa01230,Biosynthesis of amino acids,19/2373,75/8227,0.7868630134764802,0.9663229990062039,0.6568090158658709,586/1373/4144/4143/65263/22934/84706/3417/4548/384/10993/587/2023/5091/2805/387712/5723/1431/2752,19
hsa04672,Intestinal immune network for IgA production,12/2373,49/8227,0.7955313206964885,0.9717842668778884,0.6605210355320386,29851/57379/959/941/56477/23308/940/3586/3111/3123/9020/10803,12
hsa01240,Biosynthesis of cofactors,40/2373,153/8227,0.7968630988398685,0.9717842668778884,0.6605210355320386,586/27010/102157402/3145/51727/4144/158/133686/84274/1503/4143/7358/219/2356/4830/154807/51109/210/217/2729/79799/53354/65220/57026/4351/1728/587/27235/5373/1738/145226/29922/124454/8564/4338/56474/10243/5805/221264/6999,40
hsa00061,Fatty acid biosynthesis,4/2373,18/8227,0.8083125740024468,0.982324308683529,0.667685094022489,2180/23305/2182/84869,4
hsa00524,"Neomycin, kanamycin and gentamicin biosynthesis",1/2373,5/8227,0.81767676297388725,0.9828703480550218,0.6680562365727366,3099,1
hsa03260,Virion - Human immunodeficiency virus,1/2373,5/8227,0.81767676297388725,0.9828703480550218,0.6680562365727366,30835,1
hsa00970,Aminoacyl-tRNA biosynthesis,16/2373,66/8227,0.8324418413795401,0.9828703480550218,0.6680562365727366,6301/51091/833/123263/57038/118672/7453/4677/79587/124454/79731/80222/16/123283/283459/55157,16
hsa04061,Viral protein interaction with cytokine and cytokine receptor,25/2373,100/8227,0.8324469440832387,0.9828703480550218,0.6680562365727366,6356/7132/11009/6376/51554/3559/10344/6363/6367/56477/8793/4283/10563/6346/3570/58985/3586/8740/1236/7133/6354/3606/6357/1436/10803,25
hsa00052,Galactose metabolism,7/2373,31/8227,0.8336172359851662,0.9828703480550218,0.6680562365727366,2582/5236/92579/2720/3099/231/2592,7
hsa05310,Asthma,7/2373,31/8227,0.8336172359851662,0.9828703480550218,0.6680562365727366,6356/959/8288/3586/3596/3111/3123,7
hsa00062,Fatty acid elongation,6/2373,27/8227,0.8345674759297219,0.9828703480550218,0.6680562365727366,6785/9374/60481/79993/79071/64834,6
hsa00513,Various types of N-glycan biosynthesis,9/2373,39/8227,0.8347646493928227,0.9828703480550218,0.6680562365727366,11320/7991/11253/10905/201595/2530/6487/83539/4247,9
hsa03430,Mismatch repair,5/2373,23/8227,0.837233396441496,0.9828703480550218,0.6680562365727366,6118/5985/6117/5983/29935,5
hsa04060,Cytokine-cytokine receptor interaction,78/2373,295/8227,0.8397376887539193,0.9828703480550218,0.6680562365727366,6356/7132/92/8600/3604/3556/3976/3458/50616/1896/11009/7042/6376/56300/3952/959/51554/23529/2660/3559/10344/90/1441/3594/6363/3455/6367/5618/8744/658/3452/56477/10220/163702/84957/58191/8793/4283/55504/2690/3575/10563/386653/7292/2056/6346/3570/3603/58985/3586/8740/1236/9173/3596/50615/7133/3444/3449/6354/3977/3606/1438/3597/3460/4982/91/7066/7048/90865/651/6357/1436/27302/4050/392255/55540/10803/130399,78
hsa05323,Rheumatoid arthritis,23/2373,93/8227,0.8403131715297738,0.9828703480550218,0.6680562365727366,127124/7422/8600/3458/2353/7042/523/941/245972/534/528/940/3383/526/1493/50617/284/3606/3111/3123/533/2321/4050,23
hsa04612,Antigen processing and presentation,19/2373,78/8227,0.8424602983328758,0.9828703480550218,0.6680562365727366,10437/3458/5994/3824/4801/6892/10197/1508/6891/4802/8625/5993/3822/2923/1385/3111/3123/3309/3304,19
hsa00350,Tyrosine metabolism,8/2373,36/8227,0.8572515232628872,0.9935034210000347,0.6752835282586703,222/81889/220074/314/2805/130/1644/7306,8
hsa03030,DNA replication,8/2373,36/8227,0.8572515232628872,0.9935034210000347,0.6752835282586703,54107/23649/6118/79621/5985/6117/5983/29935,8
hsa05020,Prion disease,71/2373,273/8227,0.8692121441830096,0.9938005971920405,0.6754855186929358,858/9586/7280/2932/3915/5295/291/516/5602/347733/9167/5713/5291/2534/3798/775/1965/6262/10105/5621/5601/5530/517/5534/5293/11047/4725/5599/1340/4684/10963/5296/125965/55967/5690/4851/4718/7381/5566/5701/83447/2903/836/774/5719/64837/857/4695/6300/1457/5715/1432/4700/1385/5290/9451/6263/4715/1327/776/5682/90550/4711/4698/64764/5879/317/5695/3309/3304/5706,71
hsa00400,"Phenylalanine, tyrosine and tryptophan biosynthesis",1/2373,6/8227,0.8702981496757806,0.9938005971920405,0.6754855186929358,2805,1
hsa00470,D-Amino acid metabolism,1/2373,6/8227,0.8702981496757806,0.9938005971920405,0.6754855186929358,2744,1
hsa00750,Vitamin B6 metabolism,1/2373,6/8227,0.8702981496757806,0.9938005971920405,0.6754855186929358,57026,1
hsa05012,Parkinson disease,69/2373,266/8227,0.871705095251304,0.9938005971920405,0.6754855186929358,7280/808/291/64116/516/5602/55630/347733/9167/5713/3798/1812/818/9246/1965/2771/51465/10105/5601/91860/517/817/11047/4725/5599/1340/120892/125965/29986/55967/5690/4718/57181/25828/7381/4217/5566/5701/83447/22926/7326/836/598/5719/55334/64837/4695/5715/4700/5071/91252/9451/201266/6263/29985/4715/801/1327/11315/5682/90550/7311/4711/2778/4698/317/5695/3309/5706,69
hsa04744,Phototransduction,6/2373,29/8227,0.8832067683057047,1,0.6796992481203008,808/2782/5145/91860/6010/801,6
hsa00010,Glycolysis / Gluconeogenesis,15/2373,67/8227,0.9070505525942767,1,0.6796992481203008,2821/219/222/5236/217/92579/9562/3948/1738/83440/3099/2023/387712/130/55902,15
hsa00120,Primary bile acid biosynthesis,3/2373,17/8227,0.9073006778993327,1,0.6796992481203008,23600/9420/570,3
hsa04913,Ovarian steroidogenesis,11/2373,51/8227,0.9073362928242872,1,0.6796992481203008,3479/51478/1573/5566/949/8681/100137049/5743/3480/5321/2778,11
hsa00620,Pyruvate metabolism,10/2373,47/8227,0.9082895036161032,1,0.6796992481203008,219/217/4199/3948/1738/5091/130/134526/97/55902,10
hsa00260,"Glycine, serine and threonine metabolism",8/2373,40/8227,0.9256720564841687,1,0.6796992481203008,2653/2731/2628/10993/23464/1738/314/5723,8
hsa04976,Bile secretion,20/2373,89/8227,0.9296600897120821,1,0.6796992481203008,23439/10864/760/3156/361/481/366/64240/79799/477/123264/57552/5566/949/486/570/3781/9429/2778/1244,20
hsa05320,Autoimmune thyroid disease,11/2373,53/8227,0.9313835216988994,1,0.6796992481203008,959/941/3452/940/1493/3586/3444/3449/7253/3111/3123,11
hsa04742,Taste transduction,19/2373,86/8227,0.9375124986661012,1,0.6796992481203008,773/200909/2914/775/6326/6335/6328/2784/5566/954/2558/3359/5330/10021/40/2555/50839/2554/5137,19
hsa05034,Alcoholism,45/2373,187/8227,0.9404113211189122,1,0.6796992481203008,9586/55970/4893/9759/808/54331/2885/2782/10645/5173/5500/8520/1812/59345/2771/55506/2030/91860/2790/6464/55315/2775/3845/9734/2784/5566/2903/4915/399694/2785/5499/5569/5894/1385/158983/10681/801/55766/1644/3014/3020/2778/6654/64764/627,45
hsa05144,Malaria,10/2373,50/8227,0.942908590577779,1,0.6796992481203008,7058/3458/7042/959/4615/3383/3586/54106/3606/948,10
hsa04080,Neuroactive ligand-receptor interaction,93/2373,367/8227,0.9437263203614095,1,0.6796992481203008,1325/2561/85569/2908/2898/2568/1268/10424/11255/799/10022/7432/5173/7067/2893/3952/1909/56288/5540/5021/1812/2915/2914/186/3363/1910/624/1139/1395/885/5733/2560/2891/2913/2151/146/183/10888/5618/150/5368/8862/5729/10800/1143/165829/10886/399968/27334/2903/6915/100169851/4923/2558/23566/2690/170589/339403/57053/796/27346/387129/1815/3360/2359/5745/2846/5025/255061/7068/3375/7253/3358/2742/3357/4158/153/2555/2897/155/5737/116/3356/728/1141/2890/10161/1901/2554/53637/2895/2918/8001,93
hsa00051,Fructose and mannose metabolism,6/2373,33/8227,0.9450382951837186,1,0.6796992481203008,55556/4351/7264/5373/3099/231,6
hsa05330,Allograft rejection,7/2373,38/8227,0.9509155869605761,1,0.6796992481203008,3458/959/941/940/3586/3111/3123,7
hsa00982,Drug metabolism - cytochrome P450,15/2373,72/8227,0.9530717653522311,1,0.6796992481203008,2941/2326/2944/2948/222/79799/1544/1555/1577/2946/1559/1558/1557/2329/130,15
hsa00670,One carbon pool by folate,3/2373,20/8227,0.9555338977526875,1,0.6796992481203008,123263/2618/4548,3
hsa00020,Citrate cycle (TCA cycle),5/2373,30/8227,0.9599214418999868,1,0.6796992481203008,3417/8801/1738/5091/1431,5
hsa00053,Ascorbate and aldarate metabolism,5/2373,30/8227,0.9599214418999868,1,0.6796992481203008,7358/219/55586/217/79799,5
hsa00830,Retinol metabolism,13/2373,68/8227,0.9759216793988834,1,0.6796992481203008,9227/51109/79799/1544/1555/157506/1577/10170/8694/1559/1558/145226/130,13
hsa03410,Base excision repair,5/2373,33/8227,0.979358516492725,1,0.6796992481203008,6996/10038/54107/252969/328,5
hsa05204,Chemical carcinogenesis - DNA adducts,13/2373,69/8227,0.9795699548541683,1,0.6796992481203008,2941/9/2944/2948/79799/1544/1577/2946/374875/1559/1558/5743/1557,13
hsa04940,Type I diabetes mellitus,7/2373,43/8227,0.9817226032780717,1,0.6796992481203008,3458/941/1363/940/5798/3111/3123,7
hsa00983,Drug metabolism - other enzymes,15/2373,80/8227,0.986262182962915,1,0.6796992481203008,2941/9/51727/3704/3614/151531/2944/4830/2948/79799/6241/2946/29922/1854/50484,15
hsa00040,Pentose and glucuronate interconversions,5/2373,35/8227,0.9869558088053852,1,0.6796992481203008,55277/7358/79799/231/729920,5
hsa00030,Pentose phosphate pathway,4/2373,30/8227,0.9870416169427808,1,0.6796992481203008,2821/5236/22934/9563,4
hsa03450,Non-homologous end-joining,1/2373,13/8227,0.9880580641518788,1,0.6796992481203008,3981,1
hsa04610,Complement and coagulation cascades,16/2373,86/8227,0.9895918703926054,1,0.6796992481203008,5627/11326/624/2151/10878/5054/3687/81494/717/3053/1361/5329/5648/5265/728/2152,16
hsa04640,Hematopoietic cell lineage,19/2373,99/8227,0.9899149736701325,1,0.6796992481203008,3655/947/3559/1441/931/3575/2056/3570/930/290/1438/3111/3123/915/912/7066/7037/1436/948,19
hsa05332,Graft-versus-host disease,6/2373,42/8227,0.9918957322182884,1,0.6796992481203008,3458/941/940/3824/3111/3123,6
hsa00860,Porphyrin metabolism,6/2373,43/8227,0.9935454288031884,1,0.6796992481203008,3145/210/79799/341208/124454/3052,6
hsa00603,Glycosphingolipid biosynthesis - globo and isoglobo series,1/2373,15/8227,0.9939616502297999,1,0.6796992481203008,2523,1
hsa00730,Thiamine metabolism,1/2373,15/8227,0.9939616502297999,1,0.6796992481203008,27010,1
hsa00980,Metabolism of xenobiotics by cytochrome P450,13/2373,78/8227,0.9958096319977929,1,0.6796992481203008,2941/1572/2944/2948/222/79799/1544/1555/1577/2946/374875/1559/130,13
hsa03040,Spliceosome,31/2373,156/8227,0.9962299329635614,1,0.6796992481203008,10713/9092/23350/55660/10772/7307/3183/6432/9129/55696/9939/10450/11017/2521/11325/9775/6628/25804/27339/1659/6427/4686/57187/57819/55110/220988/3190/23451/6431/23020/3304,31
hsa04613,Neutrophil extracellular trap formation,39/2373,190/8227,0.9967436169002987,1,0.6796992481203008,1184/64581/10000/9759/5295/291/208/5291/366/8520/2475/55506/10105/5293/566/5296/9734/83447/2212/5578/10533/6300/2359/1432/5579/5894/5330/5290/6885/158983/55766/60/71/1182/3014/728/3020/5970/5879,39
hsa00190,Oxidative phosphorylation,25/2373,134/8227,0.9976583334515647,1,0.6796992481203008,127124/516/9167/523/517/4725/1340/245972/125965/55967/534/64077/4718/7381/528/526/4695/4700/50617/4715/1327/533/4711/1353/4698,25
hsa05171,Coronavirus disease - COVID-19,48/2373,232/8227,0.9983545334196489,1,0.6796992481203008,7132/1839/5295/7187/2353/5602/6232/6210/7297/5291/6204/4615/6146/5601/5293/10379/5599/3455/5296/6138/3452/3716/6161/2212/5578/1147/6156/3570/6300/1432/6774/717/5579/57506/6158/3654/4792/3444/5290/3449/6885/5648/6772/6868/7311/728/5970/23118,48
hsa00140,Steroid hormone biosynthesis,8/2373,62/8227,0.9991736374752873,1,0.6796992481203008,51478/6783/79799/1544/220074/1577/374875/9420,8
hsa05150,Staphylococcus aureus infection,14/2373,96/8227,0.9996921571472501,1,0.6796992481203008,3858/2212/3383/8687/3586/2359/717/1671/1668/5648/3111/3123/125115/728,14
hsa05322,Systemic lupus erythematosus,17/2373,136/8227,0.999998626652973,1,0.6796992481203008,3458/959/55506/941/87/2903/940/2212/3586/717/6628/158983/3111/3123/55766/3014/3020,17
hsa03008,Ribosome biogenesis in eukaryotes,12/2373,119/8227,0.999999851573294,1,0.6796992481203008,102157402/10482/29102/7514/51077/10940/1457/51096/26354/55272/10775/54464,12
hsa03010,Ribosome,11/2373,167/8227,0.9999999999999327,1,0.6796992481203008,6232/6210/63875/6204/6146/6138/6161/6156/6158/7311/64968,11
hsa04740,Olfactory transduction,19/2373,439/8227,1,1,0.6796992481203008,808/5592/2782/818/91860/817/409/26531/1260/5593/83988/5566/162998/408/801/219477/219956/403273/5137,19
